,Umur,Gender,Pekerjaan,Kepemilikan Rumah,Penghasilan,Kredit,Cicilan,Jumlah,
18,44,female,Sales,free,17000000,12579000,24,12355023,10000000
5,35,male,?,free,16000000,9055000,36,42995790,40000000
3,45,male,Pemuka Agama,free,15000000,7882000,42,12552312,10000000
144,23,female,Perbaikan Kerajinan,own,12000000,2288000,21,25452513,20000000
154,36,male,Sales,rent,12000000,6967000,24,55482314,50000000
178,31,male,Supir,rent,12000000,1963000,12,41037788,40000000
181,30,male,Ekesekutif Managerial,own,12000000,4455000,36,22046767,20000000
507,34,male,Spesialis,own,12000000,6850000,15,41928141,40000000
516,40,male,?,own,12000000,1361000,6,53732243,50000000
523,23,female,Ekesekutif Managerial,own,12000000,3488000,24,57502578,50000000
542,31,male,Pemuka Agama,own,12000000,6350000,30,52432092,50000000
17,25,male,Spesialis,own,11000000,8072000,30,33219373,30000000
134,21,female,Ekesekutif Managerial,own,11000000,10144000,60,14037432,10000000
141,30,female,Pemuka Agama,own,11000000,4795000,36,19312283,10000000
589,60,male,Sales,own,11000000,2246000,12,39121723,30000000
600,45,female,?,own,11000000,2329000,7,59869920,50000000
608,33,male,Pemuka Agama,own,11000000,2051000,18,38598702,30000000
614,22,female,Servis Lainnya,own,11000000,1808000,18,15987109,10000000
643,33,male,Servis Lainnya,own,11000000,1851000,24,15078068,10000000
682,33,male,Penjaga,own,11000000,1478000,15,20729357,20000000
689,31,male,Tech-support,own,11000000,3651000,12,13727642,10000000
697,38,female,Perbaikan Kerajinan,own,11000000,926000,12,40584543,40000000
717,32,male,Mesin Inspeksi,free,11000000,1505000,18,51069074,50000000
721,24,female,Spesialis,rent,11000000,433000,6,25160372,20000000
1,22,female,Pemuka Agama,own,10000000,5951000,24,28517960,20000000
7,35,male,Pembersih,rent,10000000,6948000,36,51322313,50000000
13,60,male,Perbaikan Kerajinan,own,10000000,1199000,24,41340160,40000000
14,28,female,Ekesekutif Managerial,rent,10000000,1403000,15,21264773,20000000
19,31,male,Servis Lainnya,own,10000000,3430000,24,33926380,30000000
32,30,male,Ekesekutif Managerial,own,10000000,5866000,18,43836943,40000000
38,37,male,Sales,own,10000000,1225000,10,34081648,30000000
39,24,male,Spesialis,own,10000000,458000,9,29189142,20000000
44,58,female,Sales,free,10000000,6143000,48,57155766,50000000
45,35,female,Servis Lainnya,own,10000000,1393000,11,19480445,10000000
52,25,male,Servis Lainnya,own,10000000,1262000,12,14705133,10000000
53,31,male,Perbaikan Kerajinan,own,10000000,3378000,18,21769741,20000000
63,25,male,Spesialis,own,10000000,14421000,48,45743412,40000000
64,26,female,?,own,10000000,3181000,24,38514049,30000000
68,37,male,Ekesekutif Managerial,free,10000000,1819000,36,23004623,20000000
70,30,female,Ekesekutif Managerial,own,10000000,8133000,36,15463398,10000000
77,51,male,Perbaikan Kerajinan,own,10000000,4771000,11,41529501,40000000
81,47,male,Spesialis,own,10000000,1213000,15,46999642,40000000
82,24,female,Pembersih,rent,10000000,1568000,18,42407477,40000000
83,58,female,Ekesekutif Managerial,own,10000000,1755000,24,52430505,50000000
92,33,female,Tech-support,own,10000000,797000,12,55174654,50000000
93,20,male,Ekesekutif Managerial,rent,10000000,3617000,24,39616974,30000000
105,39,male,Servis Lainnya,own,10000000,11938000,24,30520213,30000000
107,32,male,Petani,own,10000000,6078000,12,16625799,10000000
118,23,female,Spesialis,own,10000000,4281000,33,59851719,50000000
119,36,male,Pemuka Agama,own,10000000,2366000,12,25736437,20000000
120,25,female,Servis Lainnya,own,10000000,1835000,21,16912177,10000000
124,27,female,Perbaikan Kerajinan,rent,10000000,1924000,18,34397546,30000000
126,40,male,Mesin Inspeksi,own,10000000,701000,12,16846799,10000000
127,30,male,Tech-support,own,10000000,639000,12,25945300,20000000
133,47,male,Perbaikan Kerajinan,free,10000000,1984000,18,44745825,40000000
152,24,male,Pemuka Agama,own,10000000,5848000,36,50158110,50000000
163,70,male,Sales,free,10000000,7308000,10,57116693,50000000
165,32,male,Perbaikan Kerajinan,own,10000000,2978000,6,59644127,50000000
166,33,female,Supir,own,10000000,1131000,18,54678922,50000000
168,25,female,Ekesekutif Managerial,rent,10000000,3972000,24,25635104,20000000
169,31,male,Ekesekutif Managerial,own,10000000,1935000,24,41257947,40000000
183,50,male,Ekesekutif Managerial,own,10000000,3777000,24,52241528,50000000
197,27,female,Penjaga,rent,10000000,951000,12,55768191,50000000
208,21,male,Pemuka Agama,own,10000000,6568000,24,46844845,40000000
222,30,male,Petani,own,10000000,707000,12,32921049,30000000
227,53,male,Penjaga,free,10000000,7865000,12,58834519,50000000
236,23,male,Mesin Inspeksi,own,10000000,14555000,6,55164899,50000000
245,25,male,Spesialis,own,10000000,1258000,24,22571383,20000000
246,52,male,Petani,own,10000000,717000,12,39978277,30000000
253,35,male,Supir,own,10000000,4151000,24,35851188,30000000
260,27,male,?,own,10000000,1657000,12,23176872,20000000
262,36,male,Pemuka Agama,free,10000000,5302000,18,13150506,10000000
266,36,male,Mesin Inspeksi,own,10000000,6304000,36,34971119,30000000
272,36,male,Pemuka Agama,free,10000000,12169000,48,27766135,20000000
280,23,male,Perbaikan Kerajinan,rent,10000000,3368000,15,54544354,50000000
283,63,male,Spesialis,own,10000000,1520000,15,37709555,30000000
286,26,male,Mesin Inspeksi,own,10000000,4788000,48,11318126,10000000
290,26,male,Ekesekutif Managerial,own,10000000,1076000,12,28583804,20000000
293,56,male,Pemuka Agama,free,10000000,4796000,42,34074509,30000000
296,20,female,Sales,rent,10000000,4675000,12,37213441,30000000
300,54,female,Mesin Inspeksi,own,10000000,672000,6,59906369,50000000
305,33,male,Ekesekutif Managerial,own,10000000,1543000,6,25736817,20000000
333,24,female,Sales,rent,10000000,11590000,48,47739045,40000000
338,28,male,Servis Lainnya,own,10000000,4169000,24,32632024,30000000
340,24,female,Mesin Inspeksi,free,10000000,5743000,24,46859364,40000000
346,23,male,Pemuka Agama,own,10000000,882000,13,50391131,50000000
354,46,male,Servis Lainnya,free,10000000,727000,10,39577059,30000000
370,36,male,Servis Lainnya,own,10000000,3079000,36,56880985,50000000
384,26,male,Ekesekutif Managerial,own,10000000,4272000,30,31457932,30000000
390,30,male,?,own,10000000,1820000,18,21992283,20000000
393,31,female,Ekesekutif Managerial,own,10000000,1957000,6,52904400,50000000
404,43,male,Pembersih,own,10000000,2899000,18,31870906,30000000
415,35,male,Supir,own,10000000,5842000,36,16520747,10000000
429,55,female,Mesin Inspeksi,free,10000000,1190000,18,53325563,50000000
445,41,female,Ekesekutif Managerial,rent,10000000,1244000,9,34562757,30000000
456,36,male,Perbaikan Kerajinan,rent,10000000,3905000,11,15961212,10000000
467,32,male,Petani,own,10000000,7238000,48,39500823,30000000
468,26,female,Perbaikan Kerajinan,own,10000000,2764000,33,13566457,10000000
479,44,male,Pemuka Agama,own,10000000,1478000,15,17624751,10000000
496,29,male,?,rent,10000000,9034000,36,29930639,20000000
499,28,male,Sales,own,10000000,1323000,6,10218491,10000000
500,27,female,Penjaga,own,10000000,3123000,24,44335619,40000000
508,28,male,Sales,own,10000000,1413000,24,50257422,50000000
515,37,female,Servis Lainnya,own,10000000,609000,6,26642935,20000000
520,44,male,Pembersih,free,10000000,5507000,24,38847712,30000000
524,26,female,Spesialis,own,10000000,1113000,18,57911645,50000000
530,32,male,Sales,own,10000000,2273000,36,27262782,20000000
537,37,female,Petani,own,10000000,3612000,18,51032983,50000000
548,24,female,Pembersih,own,10000000,626000,12,57658252,50000000
562,29,female,Sales,own,10000000,683000,6,31906345,30000000
569,31,female,Pemuka Agama,own,10000000,6758000,48,24488782,20000000
575,24,female,?,own,10000000,2788000,15,58074192,50000000
577,33,female,Pemuka Agama,own,10000000,1927000,24,49839316,40000000
596,23,female,Perbaikan Kerajinan,rent,10000000,1442000,24,16692395,10000000
601,30,female,Sales,own,10000000,918000,9,22533109,20000000
603,28,female,Petani,own,10000000,3349000,36,47222546,40000000
624,65,male,Tech-support,free,10000000,2600000,18,21362197,20000000
637,21,male,Mesin Inspeksi,own,10000000,15653000,60,10172542,10000000
654,35,male,?,own,10000000,2346000,24,26117547,20000000
662,50,male,Mesin Inspeksi,own,10000000,2241000,21,11747527,10000000
665,27,male,Penjaga,own,10000000,6314000,24,58449860,50000000
667,27,female,Sales,own,10000000,3609000,48,52293798,50000000
668,43,male,Perbaikan Kerajinan,rent,10000000,4843000,12,13570645,10000000
685,34,male,Supir,free,10000000,6527000,60,11020873,10000000
712,46,male,Perbaikan Kerajinan,own,10000000,2476000,21,21900067,20000000
720,34,male,Pemuka Agama,own,10000000,1337000,9,34762863,30000000
722,24,female,Mesin Inspeksi,own,10000000,1228000,12,40513338,40000000
727,25,female,Ekesekutif Managerial,rent,10000000,1882000,18,17463374,10000000
734,37,female,Sales,own,10000000,3380000,4,47346476,40000000
735,29,female,Ekesekutif Managerial,own,10000000,3990000,36,13312337,10000000
754,55,male,Ekesekutif Managerial,free,10000000,1555000,12,39602695,30000000
755,32,female,Ekesekutif Managerial,rent,10000000,1285000,24,46227401,40000000
761,24,female,Spesialis,rent,10000000,2124000,18,23274674,20000000
770,26,female,Servis Lainnya,rent,10000000,2812000,24,14576491,10000000
796,51,male,Ekesekutif Managerial,free,10000000,7511000,18,29509410,20000000
809,26,female,Supir,rent,10000000,1778000,15,19076408,10000000
829,38,male,Spesialis,free,10000000,6681000,48,16482621,10000000
830,44,male,Pemuka Agama,own,10000000,2375000,24,39263268,30000000
832,29,male,Pemuka Agama,rent,10000000,11816000,45,30699244,30000000
835,48,male,Ekesekutif Managerial,own,10000000,1082000,12,50573892,50000000
849,57,male,Perbaikan Kerajinan,own,10000000,709000,12,49155929,40000000
862,35,female,Spesialis,own,10000000,2439000,24,53309653,50000000
874,29,male,Servis Lainnya,own,10000000,3590000,12,37232910,30000000
886,34,male,Ekesekutif Managerial,own,10000000,2825000,24,44270944,40000000
890,43,male,Mesin Inspeksi,own,10000000,2442000,27,11094432,10000000
903,40,male,Spesialis,rent,10000000,1386000,15,56583934,50000000
914,31,male,Servis Lainnya,rent,10000000,3161000,24,32341306,30000000
920,28,female,Perbaikan Kerajinan,own,10000000,1817000,18,29448691,20000000
925,46,male,Perbaikan Kerajinan,own,10000000,697000,12,29706565,20000000
933,42,male,Ekesekutif Managerial,own,10000000,522000,12,20648005,20000000
944,46,female,Petani,rent,10000000,1845000,15,46219589,40000000
946,30,male,Spesialis,free,10000000,3349000,24,46830727,40000000
953,26,female,Ekesekutif Managerial,own,10000000,10974000,36,46359886,40000000
959,30,male,Pembersih,free,10000000,3069000,24,21792017,20000000
960,30,male,Penjaga,rent,10000000,1740000,6,57302449,50000000
961,47,male,Pembersih,own,10000000,2353000,21,11300145,10000000
962,29,male,Perbaikan Kerajinan,own,10000000,3556000,15,22882786,20000000
971,43,male,Perbaikan Kerajinan,own,10000000,7393000,24,27311760,20000000
978,47,male,Perbaikan Kerajinan,own,10000000,2538000,24,45416831,40000000
984,30,male,Sales,own,10000000,2028000,24,28963042,20000000
986,33,male,Ekesekutif Managerial,own,10000000,6289000,42,40952136,40000000
994,50,male,?,own,10000000,2390000,12,52986096,50000000
999,27,male,Sales,own,10000000,4576000,45,40098745,40000000
8,61,male,Ekesekutif Managerial,own,9000000,3059000,12,37308660,30000000
22,48,male,Petani,rent,9000000,2241000,10,54443691,50000000
54,57,male,Pemuka Agama,free,9000000,2225000,36,11364009,10000000
69,25,female,Spesialis,own,9000000,2394000,36,27552244,20000000
85,29,female,Perbaikan Kerajinan,own,9000000,1412000,12,13839094,10000000
100,41,male,Sales,rent,9000000,1469000,24,25870194,20000000
102,24,female,Pemuka Agama,own,9000000,932000,6,14080000,10000000
104,26,male,Tech-support,rent,9000000,2445000,12,57702030,50000000
111,23,female,Servis Lainnya,rent,9000000,392000,15,32770678,30000000
115,47,male,Sales,own,9000000,3578000,48,28769777,20000000
117,27,female,Ekesekutif Managerial,rent,9000000,2132000,10,28933031,20000000
136,27,male,Servis Lainnya,own,9000000,8613000,27,54894840,50000000
139,44,female,Sales,rent,9000000,1881000,12,35823199,30000000
145,30,male,Pemuka Agama,own,9000000,3566000,48,18407395,10000000
158,38,male,Servis Lainnya,own,9000000,3512000,24,22074982,20000000
159,34,male,Ekesekutif Managerial,own,9000000,1898000,6,26402230,20000000
162,36,male,Sales,own,9000000,1262000,15,45632690,40000000
164,36,male,Perbaikan Kerajinan,own,9000000,909000,36,21241861,20000000
199,40,male,Perbaikan Kerajinan,own,9000000,4297000,18,22626761,20000000
201,27,male,Sales,own,9000000,1168000,12,53876064,50000000
206,43,male,Spesialis,own,9000000,1935000,12,47855506,40000000
209,55,male,Ekesekutif Managerial,own,9000000,1413000,12,40052269,40000000
230,26,male,Pembersih,own,9000000,4210000,36,52871962,50000000
233,25,male,Pemuka Agama,own,9000000,866000,18,51045185,50000000
251,46,female,Servis Lainnya,own,9000000,2251000,12,27391061,20000000
261,55,female,Spesialis,own,9000000,1603000,24,34431628,30000000
276,26,female,Ekesekutif Managerial,own,9000000,2404000,18,11866274,10000000
282,49,male,?,own,9000000,1445000,18,14593157,10000000
307,33,male,Perbaikan Kerajinan,own,9000000,727000,12,11380377,10000000
320,28,male,Spesialis,own,9000000,4249000,30,19603891,10000000
336,23,female,Spesialis,own,9000000,2101000,13,12650081,10000000
339,31,male,Ekesekutif Managerial,own,9000000,1521000,10,19169717,10000000
345,43,female,Pemuka Agama,own,9000000,1459000,15,40747144,40000000
353,28,male,Ekesekutif Managerial,rent,9000000,6199000,12,40909142,40000000
362,36,female,Penjaga,own,9000000,2247000,12,39237946,30000000
367,22,female,Pemuka Agama,rent,9000000,3650000,18,40610301,40000000
386,21,female,?,rent,9000000,1126000,18,43587970,40000000
387,40,male,Ekesekutif Managerial,own,9000000,7374000,18,37269253,30000000
389,27,female,Ekesekutif Managerial,own,9000000,1449000,9,56028348,50000000
396,55,female,Ekesekutif Managerial,free,9000000,2578000,12,12285256,10000000
411,35,male,Pemuka Agama,own,9000000,7253000,33,19812729,10000000
413,40,male,Pemuka Agama,rent,9000000,1597000,10,20752149,20000000
421,30,male,Sales,own,9000000,2028000,12,53004290,50000000
423,34,male,Spesialis,own,9000000,1591000,21,14829019,10000000
424,25,female,Perbaikan Kerajinan,own,9000000,2762000,12,31626495,30000000
428,20,male,Spesialis,own,9000000,1313000,9,10151315,10000000
434,25,male,Sales,own,9000000,2136000,9,45477298,40000000
435,25,male,Perbaikan Kerajinan,own,9000000,1484000,12,49140364,40000000
449,61,male,Ekesekutif Managerial,own,9000000,1512000,15,36880849,30000000
453,35,male,Pembersih,own,9000000,2670000,24,56609179,50000000
455,29,female,Petani,own,9000000,2679000,24,10362204,10000000
462,34,female,Spesialis,rent,9000000,3017000,12,32926199,30000000
483,30,female,Pemuka Agama,own,9000000,960000,15,30445535,30000000
498,32,male,Sales,own,9000000,1301000,18,56546191,50000000
502,49,male,Perbaikan Kerajinan,own,9000000,1126000,9,19935336,10000000
506,36,male,Pemuka Agama,own,9000000,2360000,15,58885216,50000000
512,26,male,Sales,rent,9000000,2687000,15,58658489,50000000
514,54,male,Penjaga,own,9000000,2255000,24,28359157,20000000
517,23,female,Perbaikan Kerajinan,rent,9000000,7127000,36,27062468,20000000
518,43,male,Ekesekutif Managerial,own,9000000,1203000,6,18729250,10000000
522,53,male,Servis Lainnya,free,9000000,7119000,48,28082444,20000000
535,33,male,Pembersih,rent,9000000,2319000,21,17121654,10000000
540,23,male,Pemuka Agama,rent,9000000,1534000,12,33142452,30000000
543,34,male,?,own,9000000,2864000,18,41972056,40000000
554,67,female,Ekesekutif Managerial,own,9000000,1199000,9,38064863,30000000
558,27,male,Ekesekutif Managerial,own,9000000,3552000,24,39957366,30000000
568,41,male,Mesin Inspeksi,own,9000000,3979000,48,34983323,30000000
573,22,female,Perbaikan Kerajinan,own,9000000,806000,15,56766798,50000000
582,26,female,Pembersih,rent,9000000,1388000,9,34099712,30000000
588,47,male,Servis Lainnya,own,9000000,1217000,18,45162275,40000000
592,36,female,Supir,own,9000000,1572000,21,15303301,10000000
593,20,female,Pemuka Agama,rent,9000000,2718000,24,46254426,40000000
615,48,male,?,own,9000000,12204000,48,33026658,30000000
622,38,male,Servis Lainnya,own,9000000,3914000,48,31370772,30000000
632,23,male,Perbaikan Kerajinan,own,9000000,1444000,15,22630750,20000000
649,40,male,Pemuka Agama,rent,9000000,684000,12,22995534,20000000
655,22,male,Mesin Inspeksi,free,9000000,3973000,14,43244125,40000000
669,47,male,Petani,own,9000000,3017000,30,42370076,40000000
679,26,female,Ekesekutif Managerial,own,9000000,1453000,18,41805615,40000000
681,37,male,Petani,free,9000000,2279000,12,26269435,20000000
684,31,male,Perbaikan Kerajinan,own,9000000,9857000,36,58145096,50000000
707,25,female,Servis Lainnya,rent,9000000,2969000,12,30987324,30000000
708,25,female,Supir,own,9000000,1206000,9,22336746,20000000
718,31,male,Ekesekutif Managerial,own,9000000,3148000,24,57492433,50000000
723,66,female,Pemuka Agama,own,9000000,790000,9,54498519,50000000
725,41,female,Spesialis,own,9000000,250000,6,42002315,40000000
739,26,female,Spesialis,rent,9000000,4280000,30,13324020,10000000
746,23,female,Pemuka Agama,rent,9000000,2511000,15,36749260,30000000
748,26,male,Ekesekutif Managerial,own,9000000,5248000,21,19198855,10000000
750,49,female,Pemuka Agama,own,9000000,428000,6,19163297,10000000
752,23,female,Pemuka Agama,rent,9000000,841000,12,43895505,40000000
756,74,male,Spesialis,own,9000000,1299000,6,41945983,40000000
768,28,male,Pemuka Agama,rent,9000000,3617000,12,47994397,40000000
769,63,male,Pemuka Agama,own,9000000,1655000,12,10719723,10000000
771,25,female,Tech-support,own,9000000,8065000,36,28134989,20000000
774,66,male,?,free,9000000,1480000,12,22352959,20000000
776,37,male,Mesin Inspeksi,own,9000000,3535000,36,33660546,30000000
782,31,male,Asisten Rumah Tangga,own,9000000,1410000,12,13301234,10000000
789,27,male,Perbaikan Kerajinan,own,9000000,5998000,40,54805876,50000000
792,27,male,Pembersih,own,9000000,1221000,6,21378725,20000000
805,24,male,?,own,9000000,9271000,36,30476323,30000000
817,24,female,Servis Lainnya,rent,9000000,1554000,6,57738350,50000000
818,43,male,Perbaikan Kerajinan,own,9000000,15857000,36,23982037,20000000
828,47,male,Supir,free,9000000,8335000,36,38696505,30000000
837,23,female,Pemuka Agama,rent,9000000,601000,4,11105152,10000000
839,46,male,Servis Lainnya,own,9000000,2611000,24,19390553,10000000
844,47,male,Spesialis,own,9000000,3422000,18,25311481,20000000
848,59,male,Servis Lainnya,own,9000000,1364000,9,27045998,20000000
863,32,male,Pemuka Agama,own,9000000,4526000,27,32085329,30000000
864,25,male,Ekesekutif Managerial,rent,9000000,2210000,10,56460766,50000000
866,27,female,Asisten Rumah Tangga,own,9000000,2389000,18,34683464,30000000
867,42,male,Pemuka Agama,own,9000000,3331000,12,27613610,20000000
877,28,male,Servis Lainnya,own,9000000,3595000,36,56694403,50000000
879,36,male,Ekesekutif Managerial,own,9000000,6742000,30,14402846,10000000
880,38,male,Perbaikan Kerajinan,own,9000000,7814000,24,58118290,50000000
882,36,male,Supir,own,9000000,2181000,30,43938393,40000000
887,23,male,Spesialis,own,9000000,15672000,48,28057747,20000000
895,31,male,Mesin Inspeksi,own,9000000,8947000,36,39746484,30000000
910,34,female,Supir,own,9000000,4454000,36,51439279,50000000
913,28,male,Ekesekutif Managerial,own,9000000,2142000,11,12693181,10000000
915,32,female,Petani,own,9000000,18424000,48,27242639,20000000
922,22,female,Sales,rent,9000000,1366000,9,16485817,10000000
935,30,male,Ekesekutif Managerial,own,9000000,1919000,30,15487478,10000000
938,42,male,Petani,free,9000000,6288000,60,54312339,50000000
939,46,male,Servis Lainnya,own,9000000,6842000,24,37238882,30000000
941,31,male,Sales,own,9000000,1546000,10,46556352,40000000
951,24,male,Spesialis,own,9000000,2145000,36,31139384,30000000
966,23,male,Petani,own,9000000,2520000,27,39828447,30000000
967,54,female,Supir,rent,9000000,3568000,15,11634194,10000000
987,64,female,Servis Lainnya,own,9000000,1409000,13,15984884,10000000
991,34,male,Pembersih,own,9000000,1569000,15,46098543,40000000
996,40,male,Sales,own,9000000,3857000,30,43618559,40000000
0,67,male,Pekerjaan,own,8000000,1169000,6,11974139,10000000
10,25,female,Sales,rent,8000000,1295000,12,37828002,30000000
15,32,female,Perbaikan Kerajinan,own,8000000,1282000,24,49220416,40000000
21,44,male,Sales,rent,8000000,2647000,6,21134636,20000000
40,30,male,Sales,own,8000000,2333000,30,14011956,10000000
65,48,male,Supir,own,8000000,5190000,27,30736879,30000000
71,46,male,Pembersih,rent,8000000,730000,7,39437326,30000000
76,34,male,Supir,own,8000000,3965000,42,25860324,20000000
90,56,male,Ekesekutif Managerial,own,8000000,618000,12,37745266,30000000
103,35,male,Ekesekutif Managerial,rent,8000000,1919000,9,22425912,20000000
131,29,male,Mesin Inspeksi,own,8000000,6887000,36,24818951,20000000
148,28,male,Tech-support,own,8000000,5371000,36,16176068,10000000
176,42,male,Pemuka Agama,own,8000000,2577000,12,39013519,30000000
177,52,male,Sales,own,8000000,338000,6,22103466,20000000
182,40,male,Sales,own,8000000,1647000,21,43816572,40000000
185,31,male,Perbaikan Kerajinan,own,8000000,1360000,15,44446065,40000000
188,20,male,Petani,own,8000000,674000,12,16533256,10000000
194,21,male,?,rent,8000000,3031000,45,39708166,30000000
196,28,female,Penjaga,own,8000000,1382000,6,59857421,50000000
213,66,male,Pemuka Agama,own,8000000,1908000,30,50040031,50000000
220,26,male,Spesialis,own,8000000,625000,12,16656720,10000000
224,30,male,Perbaikan Kerajinan,own,8000000,4657000,15,13907357,10000000
228,22,male,Perbaikan Kerajinan,own,8000000,1478000,9,10622853,10000000
234,42,male,Ekesekutif Managerial,own,8000000,1544000,4,52536483,50000000
235,30,male,Perbaikan Kerajinan,own,8000000,1823000,24,18380413,10000000
242,24,male,Supir,free,8000000,4605000,48,26146927,20000000
247,35,male,Penjaga,rent,8000000,1204000,6,14044161,10000000
249,22,female,Pemuka Agama,rent,8000000,433000,18,45171740,40000000
250,39,female,Servis Lainnya,own,8000000,666000,6,11988732,10000000
254,24,male,Supir,own,8000000,2030000,9,12944278,10000000
259,57,female,Sales,own,8000000,1154000,11,31529511,30000000
268,45,male,Supir,own,8000000,8978000,14,14000489,10000000
269,25,male,Ekesekutif Managerial,own,8000000,999000,24,54390619,50000000
270,32,male,Mesin Inspeksi,own,8000000,2662000,18,13966491,10000000
273,28,male,?,own,8000000,3060000,48,50249484,50000000
277,49,male,Servis Lainnya,own,8000000,1262000,12,31250531,30000000
281,50,male,Sales,own,8000000,1574000,12,21997762,20000000
285,35,female,Perbaikan Kerajinan,own,8000000,10722000,47,21547663,20000000
288,49,female,Pembersih,own,8000000,1092000,12,30060903,30000000
298,43,male,Ekesekutif Managerial,own,8000000,2515000,18,54638782,50000000
309,22,male,Penjaga,rent,8000000,276000,9,16618726,10000000
311,25,male,Perbaikan Kerajinan,own,8000000,5511000,24,58154035,50000000
313,25,male,Sales,own,8000000,685000,12,53766838,50000000
314,29,male,Spesialis,own,8000000,1494000,4,34195933,30000000
319,27,female,Servis Lainnya,own,8000000,3643000,15,35284120,30000000
322,34,male,Sales,free,8000000,2910000,24,34262482,30000000
326,49,male,Spesialis,rent,8000000,5801000,12,20873914,20000000
327,34,female,Penjaga,own,8000000,1525000,24,55472458,50000000
332,24,female,Pemuka Agama,own,8000000,7408000,60,32532766,30000000
351,29,female,Supir,own,8000000,959000,9,33888693,30000000
356,49,male,Petani,own,8000000,2331000,12,12744404,10000000
357,26,male,Spesialis,own,8000000,4463000,36,11238500,10000000
358,28,male,Pemuka Agama,own,8000000,776000,12,19184807,10000000
371,33,male,Pembersih,own,8000000,6070000,18,26491916,20000000
380,39,male,Perbaikan Kerajinan,own,8000000,2212000,20,27303921,20000000
382,25,female,Ekesekutif Managerial,rent,8000000,1283000,22,54734317,50000000
397,46,male,Spesialis,own,8000000,2348000,36,29927816,20000000
399,43,female,Servis Lainnya,own,8000000,1516000,24,51014134,50000000
402,27,male,Perbaikan Kerajinan,own,8000000,8648000,24,56062576,50000000
405,22,male,Pemuka Agama,own,8000000,2039000,24,57476819,50000000
408,26,male,Perbaikan Kerajinan,own,8000000,3235000,24,38508865,30000000
419,33,female,Supir,own,8000000,1042000,18,50916490,50000000
420,20,female,Perbaikan Kerajinan,rent,8000000,3186000,15,57368809,50000000
426,29,male,Pembersih,own,8000000,2743000,28,28237518,20000000
437,37,female,Mesin Inspeksi,own,8000000,1287000,24,19415968,10000000
440,39,male,Spesialis,own,8000000,1884000,12,16578890,10000000
447,35,male,Ekesekutif Managerial,own,8000000,2576000,7,10350700,10000000
464,34,male,Servis Lainnya,own,8000000,1950000,18,19301258,10000000
469,35,male,Sales,own,8000000,4679000,24,57302516,50000000
471,23,female,Perbaikan Kerajinan,own,8000000,448000,6,56480205,50000000
472,28,male,Mesin Inspeksi,own,8000000,654000,9,28214643,20000000
475,26,female,Sales,rent,8000000,3114000,18,45724411,40000000
484,44,male,Spesialis,own,8000000,1163000,12,11663462,10000000
488,35,male,Servis Lainnya,rent,8000000,1418000,10,45543013,40000000
511,32,male,Sales,free,8000000,4686000,36,10431803,10000000
513,20,male,Sales,rent,8000000,585000,12,55224730,50000000
534,25,male,?,own,8000000,3105000,24,26733220,20000000
545,43,male,Servis Lainnya,free,8000000,1333000,24,38961638,30000000
546,37,female,Perbaikan Kerajinan,own,8000000,2022000,24,35556197,30000000
556,28,female,Servis Lainnya,own,8000000,2278000,18,14460337,10000000
567,34,male,Perbaikan Kerajinan,own,8000000,2578000,24,18525398,10000000
570,23,female,Servis Lainnya,rent,8000000,3234000,24,29902942,20000000
571,38,male,Sales,own,8000000,5954000,30,59275034,50000000
578,27,male,Perbaikan Kerajinan,own,8000000,2820000,36,29583888,20000000
581,49,male,Sales,own,8000000,3124000,12,25344532,20000000
586,36,male,Ekesekutif Managerial,rent,8000000,2799000,9,50482411,50000000
606,74,male,Pemuka Agama,own,8000000,4526000,24,46042340,40000000
610,22,female,?,own,8000000,741000,12,10364946,10000000
613,22,female,Supir,rent,8000000,3632000,24,24512764,20000000
627,29,male,Ekesekutif Managerial,own,8000000,1437000,9,37314870,30000000
636,28,female,Perbaikan Kerajinan,own,8000000,1376000,24,54817550,50000000
651,37,male,Sales,own,8000000,1922000,12,29879921,20000000
653,42,male,Spesialis,own,8000000,8086000,36,33159911,30000000
664,50,female,Pemuka Agama,own,8000000,1047000,6,22340411,20000000
690,25,male,?,own,8000000,975000,15,48135620,40000000
701,46,male,Pemuka Agama,free,8000000,6331000,48,56756603,50000000
719,31,male,Servis Lainnya,own,8000000,6148000,20,19633514,10000000
730,33,male,Servis Lainnya,own,8000000,6403000,24,14452781,10000000
758,31,male,Ekesekutif Managerial,own,8000000,1393000,24,41740239,40000000
783,23,female,Spesialis,own,8000000,836000,12,54011877,50000000
784,60,male,Perbaikan Kerajinan,own,8000000,6468000,20,56505020,50000000
806,26,male,Servis Lainnya,own,8000000,590000,6,44807916,40000000
808,55,male,Perbaikan Kerajinan,free,8000000,9283000,42,59036004,50000000
810,26,male,Pemuka Agama,own,8000000,907000,8,48188156,40000000
812,24,male,Pemuka Agama,own,8000000,9629000,36,43253208,40000000
826,33,female,Supir,rent,8000000,3966000,18,40770404,40000000
833,42,female,Servis Lainnya,own,8000000,5084000,24,15136353,10000000
836,21,female,Sales,own,8000000,886000,12,49578922,40000000
845,35,male,Ekesekutif Managerial,own,8000000,3976000,21,24377704,20000000
873,24,female,Spesialis,own,8000000,874000,15,22878765,20000000
881,48,male,Petani,free,8000000,9277000,24,53657268,50000000
885,53,female,Sales,own,8000000,795000,12,24083641,20000000
893,34,male,Servis Lainnya,own,8000000,5800000,36,52236174,50000000
905,20,male,Ekesekutif Managerial,rent,8000000,1107000,12,44840802,40000000
909,33,female,Servis Lainnya,own,8000000,3195000,9,21271707,20000000
919,39,male,Ekesekutif Managerial,rent,8000000,3345000,24,36039232,30000000
930,24,male,Perbaikan Kerajinan,own,8000000,1747000,24,37454875,30000000
945,30,female,Spesialis,own,8000000,8358000,48,10259238,10000000
964,22,male,Ekesekutif Managerial,own,8000000,454000,6,24769168,20000000
972,29,female,Mesin Inspeksi,rent,8000000,1193000,24,49203970,40000000
973,36,male,?,rent,8000000,7297000,60,21730935,20000000
975,57,female,Servis Lainnya,own,8000000,1258000,24,27686639,20000000
976,64,female,Mesin Inspeksi,own,8000000,753000,6,37594888,30000000
977,42,male,Pembersih,own,8000000,2427000,18,58219184,50000000
992,23,male,Supir,rent,8000000,1936000,18,30031766,30000000
2,49,male,Mesin Inspeksi,own,7000000,2096000,12,14797154,10000000
4,53,male,Ekesekutif Managerial,free,7000000,4870000,24,17100017,10000000
11,24,female,Pemuka Agama,rent,7000000,4308000,48,40374524,40000000
25,36,male,Ekesekutif Managerial,own,7000000,1374000,6,24147338,20000000
26,39,male,Spesialis,own,7000000,426000,6,27528615,20000000
31,27,male,Servis Lainnya,own,7000000,4020000,24,48261906,40000000
34,33,female,Ekesekutif Managerial,own,7000000,1474000,12,58570027,50000000
42,44,male,Supir,own,7000000,6204000,18,35455985,30000000
43,24,male,Pemuka Agama,rent,7000000,6187000,30,21253299,20000000
49,28,female,?,own,7000000,2073000,12,56650078,50000000
51,30,male,Spesialis,own,7000000,5965000,27,44151175,40000000
57,31,female,Servis Lainnya,own,7000000,9566000,36,35618181,30000000
59,23,female,Pemuka Agama,rent,7000000,6229000,36,56852114,50000000
89,28,male,Perbaikan Kerajinan,own,7000000,1108000,12,16896942,10000000
91,54,male,Ekesekutif Managerial,own,7000000,1409000,12,19431267,10000000
95,58,male,?,rent,7000000,15945000,54,32821232,30000000
99,36,male,Sales,rent,7000000,7057000,20,44014955,40000000
101,24,male,Pemuka Agama,rent,7000000,2323000,36,59444028,50000000
109,35,male,Asisten Rumah Tangga,own,7000000,1410000,14,18563765,10000000
110,31,male,Pembersih,own,7000000,1449000,6,40605968,40000000
114,35,male,Perbaikan Kerajinan,own,7000000,1680000,12,45296081,40000000
138,35,male,Pembersih,own,7000000,2728000,15,52049444,50000000
150,42,male,Petani,free,7000000,1346000,6,52387727,50000000
160,36,male,Spesialis,own,7000000,2872000,24,24268720,20000000
173,33,male,Servis Lainnya,own,7000000,1414000,8,15318900,10000000
175,53,female,Pemuka Agama,own,7000000,7485000,30,25926720,20000000
191,34,male,?,free,7000000,3844000,48,23142065,20000000
202,26,male,Spesialis,own,7000000,5117000,27,40661089,40000000
207,26,male,Mesin Inspeksi,own,7000000,1424000,12,17944419,10000000
217,23,male,Sales,own,7000000,3913000,36,23780008,20000000
252,24,female,Sales,own,7000000,2150000,30,41316801,40000000
265,37,male,Petani,own,7000000,802000,15,26401284,20000000
275,32,male,Ekesekutif Managerial,own,7000000,2697000,9,15140528,10000000
279,29,male,Sales,rent,7000000,1901000,24,32963600,30000000
292,44,female,Spesialis,free,7000000,6419000,24,46047503,40000000
310,40,male,Mesin Inspeksi,free,7000000,5381000,48,31116989,30000000
325,39,male,Spesialis,own,7000000,3398000,8,54729214,50000000
348,34,male,?,own,7000000,1743000,6,23418527,20000000
349,32,male,Ekesekutif Managerial,free,7000000,1136000,9,49760105,40000000
363,21,male,Pemuka Agama,rent,7000000,1766000,6,31183638,30000000
416,33,male,Tech-support,own,7000000,2579000,12,57139774,50000000
427,46,male,Sales,own,7000000,1149000,18,22577276,20000000
443,41,male,Spesialis,own,7000000,719000,12,18854781,10000000
450,30,male,Perbaikan Kerajinan,own,7000000,11054000,36,58178844,50000000
451,29,female,Perbaikan Kerajinan,own,7000000,518000,6,54738999,50000000
452,34,male,Servis Lainnya,own,7000000,2759000,12,28511383,20000000
454,31,male,Supir,own,7000000,4817000,24,44571302,40000000
458,27,female,Spesialis,own,7000000,343000,6,42406457,40000000
460,37,male,Sales,own,7000000,3620000,36,56494832,50000000
477,25,male,Supir,own,7000000,5152000,24,10337473,10000000
481,26,male,?,own,7000000,1201000,24,49603850,40000000
487,62,female,?,free,7000000,3757000,24,48758254,40000000
504,24,female,Ekesekutif Managerial,rent,7000000,1207000,24,21153010,20000000
525,30,male,Penjaga,own,7000000,7966000,26,59354966,50000000
526,31,female,Spesialis,own,7000000,1532000,15,34162055,30000000
528,31,male,Mesin Inspeksi,rent,7000000,2302000,36,46088725,40000000
529,41,male,Sales,own,7000000,662000,6,16517721,10000000
532,41,male,Perbaikan Kerajinan,rent,7000000,1503000,12,41549726,40000000
533,26,male,Spesialis,own,7000000,1311000,24,57123840,50000000
544,61,male,Sales,own,7000000,1255000,12,17620731,10000000
549,35,male,Sales,free,7000000,8858000,48,55548531,50000000
572,26,female,Perbaikan Kerajinan,rent,7000000,5433000,24,42080698,40000000
579,27,male,Spesialis,own,7000000,937000,24,59823107,50000000
617,37,male,Perbaikan Kerajinan,rent,7000000,3676000,6,46017688,40000000
630,28,female,Spesialis,own,7000000,3660000,24,47431507,40000000
634,25,female,Ekesekutif Managerial,own,7000000,1355000,24,25587378,20000000
635,47,male,?,own,7000000,1393000,12,49951911,40000000
650,50,male,Spesialis,free,7000000,7476000,48,33540540,30000000
656,41,male,?,own,7000000,888000,12,22882539,20000000
657,37,male,Sales,own,7000000,10222000,48,51237660,50000000
673,24,male,Petani,own,7000000,2080000,6,47338001,40000000
675,26,female,Perbaikan Kerajinan,rent,7000000,4530000,30,32312074,30000000
680,56,female,Pemuka Agama,own,7000000,1538000,6,35186202,30000000
686,27,male,?,own,7000000,1347000,10,32237338,30000000
692,29,male,Pemuka Agama,own,7000000,2896000,24,24318112,20000000
736,23,female,Sales,rent,7000000,11560000,24,28412477,20000000
747,37,female,Ekesekutif Managerial,own,7000000,1274000,12,21645155,20000000
775,25,female,Servis Lainnya,rent,7000000,1371000,24,29957244,20000000
781,60,male,Tech-support,own,7000000,1940000,24,10448979,10000000
795,22,female,Spesialis,rent,7000000,2301000,9,33438280,30000000
798,54,male,?,own,7000000,717000,24,54682357,50000000
802,24,female,Pemuka Agama,own,7000000,4272000,20,11396864,10000000
813,54,male,Servis Lainnya,own,7000000,3051000,48,36717678,30000000
822,41,male,Pemuka Agama,own,7000000,2712000,36,32266337,30000000
823,47,male,Sales,own,7000000,731000,8,34307930,30000000
831,23,female,Spesialis,rent,7000000,1216000,18,38923997,30000000
838,63,male,Ekesekutif Managerial,own,7000000,2957000,24,52260858,50000000
858,29,female,Sales,own,7000000,3959000,15,53633508,50000000
859,26,male,Perbaikan Kerajinan,rent,7000000,3577000,9,42235371,40000000
861,28,male,Ekesekutif Managerial,own,7000000,2169000,18,46744003,40000000
876,36,male,Spesialis,free,7000000,1940000,18,59943129,50000000
884,43,male,Spesialis,own,7000000,4057000,24,15394360,10000000
892,38,male,Ekesekutif Managerial,own,7000000,2171000,12,39155853,30000000
899,42,male,Sales,own,7000000,4153000,18,34641368,30000000
908,46,female,Supir,own,7000000,3594000,15,20752169,20000000
911,25,female,Spesialis,own,7000000,4736000,24,58039639,50000000
917,68,male,Sales,own,7000000,14896000,6,19415827,10000000
921,37,male,Spesialis,own,7000000,12749000,48,52173407,50000000
923,30,male,Ekesekutif Managerial,rent,7000000,2002000,12,50877114,50000000
929,43,male,?,own,7000000,1344000,12,14776731,10000000
936,28,female,Sales,own,7000000,745000,9,42541142,40000000
947,38,male,Sales,own,7000000,2859000,12,54784191,50000000
948,43,male,Servis Lainnya,own,7000000,1533000,18,42653522,40000000
970,22,male,Ekesekutif Managerial,own,7000000,1514000,15,46152491,40000000
985,25,female,Petani,rent,7000000,1433000,15,44052190,40000000
997,38,male,Perbaikan Kerajinan,own,7000000,804000,12,38152916,30000000
6,53,male,Pemuka Agama,own,6000000,2835000,24,30972018,30000000
9,28,male,Sales,own,6000000,5234000,30,54367267,50000000
48,39,male,Ekesekutif Managerial,own,6000000,7228000,11,58789536,50000000
55,26,male,Mesin Inspeksi,own,6000000,783000,6,41268190,40000000
62,61,male,Spesialis,free,6000000,1953000,36,27485098,20000000
87,47,male,Servis Lainnya,free,6000000,12612000,36,55933696,50000000
112,28,male,Perbaikan Kerajinan,rent,6000000,6260000,18,30297385,30000000
125,30,male,?,own,6000000,2121000,12,50830560,50000000
146,39,female,Spesialis,own,6000000,860000,6,38800164,30000000
151,38,male,Sales,own,6000000,1924000,10,27075785,20000000
155,20,female,Servis Lainnya,rent,6000000,1282000,12,49309381,40000000
156,48,male,Ekesekutif Managerial,own,6000000,1288000,9,29256523,20000000
198,36,male,?,free,6000000,2760000,24,17441138,10000000
212,50,male,Spesialis,own,6000000,5293000,27,37601879,30000000
214,51,male,Mesin Inspeksi,own,6000000,3342000,36,52008536,50000000
215,39,female,Servis Lainnya,own,6000000,932000,6,45812737,40000000
225,27,male,Penjaga,own,6000000,2613000,36,56816440,50000000
229,22,male,Penjaga,free,6000000,3149000,24,10779179,10000000
238,35,female,Ekesekutif Managerial,own,6000000,1291000,12,32214657,30000000
255,27,male,Sales,own,6000000,7418000,60,12157917,10000000
278,32,female,Ekesekutif Managerial,own,6000000,4611000,6,52186001,50000000
294,46,male,?,own,6000000,7629000,48,31053589,30000000
297,45,male,Pembersih,own,6000000,1287000,10,16253449,10000000
299,32,male,Spesialis,own,6000000,2745000,21,13477173,10000000
317,48,female,Pemuka Agama,own,6000000,4351000,24,37670705,30000000
331,30,female,Ekesekutif Managerial,own,6000000,1864000,18,58522735,50000000
342,25,male,Sales,rent,6000000,3213000,18,12494770,10000000
360,61,male,Pemuka Agama,free,6000000,1239000,18,53562303,50000000
373,63,male,Ekesekutif Managerial,free,6000000,13756000,60,43991292,40000000
378,57,male,?,free,6000000,14318000,36,11016358,10000000
379,52,female,Spesialis,own,6000000,362000,6,16362951,10000000
398,46,male,Mesin Inspeksi,rent,6000000,1223000,12,38827004,30000000
422,47,male,Servis Lainnya,own,6000000,958000,12,52131474,50000000
433,33,male,Petani,own,6000000,2058000,24,57894476,50000000
438,65,male,Pembersih,own,6000000,3394000,42,51707779,50000000
444,30,female,?,own,6000000,5096000,48,51976612,50000000
446,34,female,Servis Lainnya,own,6000000,1842000,36,47800681,40000000
448,55,female,Servis Lainnya,own,6000000,1424000,12,51151677,50000000
463,38,male,Spesialis,own,6000000,754000,12,50896964,50000000
465,63,male,Spesialis,own,6000000,2924000,24,39078904,30000000
474,33,male,Perbaikan Kerajinan,own,6000000,1245000,18,12916806,10000000
476,24,male,Pembersih,own,6000000,2569000,39,45179633,40000000
478,39,male,Pembersih,own,6000000,1037000,12,17547756,10000000
482,57,female,Sales,rent,6000000,3622000,30,28339857,20000000
485,47,male,Tech-support,own,6000000,1209000,6,14751340,10000000
490,26,male,Perbaikan Kerajinan,own,6000000,1934000,12,14687762,10000000
493,38,male,Supir,own,6000000,368000,6,30887549,30000000
497,40,male,Tech-support,own,6000000,1585000,24,41096403,40000000
501,42,male,Servis Lainnya,free,6000000,5493000,36,34976294,30000000
509,45,male,Sales,own,6000000,8588000,39,25726645,20000000
510,26,male,Pemuka Agama,own,6000000,759000,12,53584106,50000000
538,42,male,Spesialis,free,6000000,7763000,48,29345922,20000000
552,34,male,Ekesekutif Managerial,own,6000000,6999000,48,10920394,10000000
557,29,female,Servis Lainnya,own,6000000,5003000,21,23116731,20000000
560,49,male,Sales,free,6000000,2964000,24,16551623,10000000
574,27,male,?,own,6000000,1082000,9,11972447,10000000
584,52,female,Perbaikan Kerajinan,free,6000000,2133000,12,20201348,20000000
590,58,female,Spesialis,own,6000000,385000,12,26186128,20000000
607,50,female,Ekesekutif Managerial,free,6000000,2671000,36,52107132,50000000
612,29,female,Supir,own,6000000,3357000,21,42929647,40000000
620,27,male,Spesialis,own,6000000,3652000,21,20871072,20000000
631,44,male,Servis Lainnya,own,6000000,1553000,18,32015269,30000000
638,34,female,Spesialis,own,6000000,1493000,12,48766613,40000000
641,38,male,Pemuka Agama,own,6000000,1308000,15,45417024,40000000
647,26,female,Spesialis,own,6000000,1386000,12,40739558,40000000
652,45,male,Ekesekutif Managerial,own,6000000,2303000,24,37014963,30000000
658,28,female,Sales,own,6000000,4221000,30,11556252,10000000
661,23,male,Pemuka Agama,own,6000000,900000,12,57330150,50000000
666,34,male,Spesialis,own,6000000,3496000,30,42700124,40000000
670,27,male,Mesin Inspeksi,own,6000000,4139000,24,13660093,10000000
674,41,male,Petani,own,6000000,2580000,21,34696748,30000000
683,47,male,Perbaikan Kerajinan,free,6000000,5103000,24,11229168,10000000
703,41,male,Mesin Inspeksi,own,6000000,2503000,30,21905445,20000000
706,24,male,Perbaikan Kerajinan,own,6000000,6560000,48,55163038,50000000
716,40,male,Mesin Inspeksi,own,6000000,3077000,30,32402958,30000000
732,44,female,Perbaikan Kerajinan,own,6000000,760000,8,51813306,50000000
733,28,female,Ekesekutif Managerial,rent,6000000,2603000,24,48047483,40000000
737,35,male,Servis Lainnya,own,6000000,4380000,18,52758786,50000000
753,25,female,Supir,own,6000000,5771000,30,23580320,20000000
759,35,male,?,own,6000000,691000,12,34773752,30000000
763,30,male,Perbaikan Kerajinan,free,6000000,12680000,21,35413013,30000000
766,31,male,Spesialis,own,6000000,3108000,30,54756305,50000000
799,35,male,Perbaikan Kerajinan,own,6000000,1549000,9,10072343,10000000
804,24,female,Servis Lainnya,rent,6000000,7472000,12,55739148,50000000
816,62,male,Perbaikan Kerajinan,own,6000000,1338000,6,13470905,10000000
820,27,male,Tech-support,own,6000000,1101000,12,25466649,20000000
827,36,male,Servis Lainnya,own,6000000,4165000,18,40905268,40000000
840,29,male,Spesialis,own,6000000,5179000,36,30094528,30000000
841,28,male,Ekesekutif Managerial,own,6000000,2993000,21,29302189,20000000
843,50,male,Sales,own,6000000,1559000,24,16866047,10000000
851,43,male,Pembersih,own,6000000,4042000,24,28456088,20000000
865,20,female,Sales,rent,6000000,2221000,15,53902747,50000000
891,46,male,Spesialis,own,6000000,1829000,15,50400031,50000000
906,24,male,Mesin Inspeksi,own,6000000,3763000,21,18837617,10000000
926,21,female,Ekesekutif Managerial,rent,6000000,1049000,18,23710620,20000000
931,22,female,Sales,own,6000000,1670000,9,52837024,50000000
957,37,male,Sales,own,6000000,1154000,9,15811118,10000000
958,45,male,Ekesekutif Managerial,own,6000000,4006000,28,24592623,20000000
979,25,male,Supir,rent,6000000,1264000,15,11323853,10000000
989,48,male,Sales,own,6000000,1743000,24,32904933,30000000
995,31,female,Pembersih,own,6000000,1736000,12,17498595,10000000
998,23,male,Pemuka Agama,free,6000000,1845000,45,28034842,20000000
27,42,female,?,rent,5000000,409000,12,55711866,50000000
30,36,male,Servis Lainnya,own,5000000,1913000,18,22435346,20000000
33,57,male,Perbaikan Kerajinan,rent,5000000,1264000,12,48505055,40000000
56,52,male,Spesialis,own,5000000,6468000,12,30914794,30000000
60,27,male,Servis Lainnya,own,5000000,1391000,9,33356071,30000000
61,50,male,Pemuka Agama,own,5000000,1537000,15,31674226,30000000
72,51,male,Pemuka Agama,free,5000000,1164000,8,54365225,50000000
74,40,male,Pemuka Agama,own,5000000,1977000,36,58104393,50000000
75,66,male,Ekesekutif Managerial,free,5000000,1526000,12,34619923,30000000
79,22,male,Mesin Inspeksi,own,5000000,3832000,30,31072140,30000000
88,30,male,Pemuka Agama,own,5000000,2249000,18,18510077,10000000
116,30,female,Ekesekutif Managerial,own,5000000,7174000,42,43141581,40000000
121,41,female,Perbaikan Kerajinan,rent,5000000,3868000,24,24830004,20000000
129,29,female,Perbaikan Kerajinan,own,5000000,3499000,12,34311531,30000000
137,66,male,Perbaikan Kerajinan,own,5000000,766000,12,19257201,10000000
140,27,male,Spesialis,own,5000000,709000,6,19668801,10000000
147,51,female,Petani,own,5000000,682000,12,38387350,30000000
179,65,male,Supir,own,5000000,571000,21,59403797,50000000
186,74,female,Spesialis,free,5000000,5129000,9,22527820,20000000
205,38,male,Supir,free,5000000,10623000,30,59841637,50000000
216,31,male,Ekesekutif Managerial,own,5000000,3104000,18,42400523,40000000
219,64,female,Spesialis,own,5000000,1364000,10,29270057,20000000
258,23,female,Ekesekutif Managerial,own,5000000,3812000,15,38437825,30000000
263,57,female,Perbaikan Kerajinan,free,5000000,2748000,12,34853849,30000000
274,34,male,Mesin Inspeksi,own,5000000,11998000,30,58777521,50000000
295,26,female,Spesialis,own,5000000,9960000,48,16220869,10000000
302,37,male,Perbaikan Kerajinan,own,5000000,1344000,24,56466893,50000000
304,44,male,Mesin Inspeksi,free,5000000,10127000,48,50766628,50000000
312,26,female,Ekesekutif Managerial,own,5000000,3749000,24,52425414,50000000
316,38,male,Servis Lainnya,own,5000000,708000,12,49492451,40000000
328,31,male,Perbaikan Kerajinan,own,5000000,4473000,36,53187454,50000000
344,37,male,Spesialis,own,5000000,3949000,10,23239563,20000000
350,23,female,Tentara,rent,5000000,1236000,9,15469792,10000000
352,38,male,Servis Lainnya,own,5000000,3229000,18,59337781,50000000
359,23,female,Supir,rent,5000000,2406000,30,52623421,50000000
364,25,male,Sales,own,5000000,2473000,18,56387256,50000000
392,39,male,Pemuka Agama,free,5000000,3249000,36,30647031,30000000
395,32,male,Spesialis,rent,5000000,11760000,39,49241759,40000000
403,27,male,Mesin Inspeksi,own,5000000,802000,14,37416483,30000000
406,43,male,Spesialis,own,5000000,2197000,24,49902425,40000000
407,27,male,Servis Lainnya,own,5000000,1053000,15,37926111,30000000
414,35,female,Servis Lainnya,own,5000000,1381000,24,55039643,50000000
430,74,male,Spesialis,own,5000000,3448000,5,27892618,20000000
432,36,male,Ekesekutif Managerial,free,5000000,1872000,6,56332468,50000000
436,23,male,Ekesekutif Managerial,rent,5000000,660000,6,28772316,20000000
457,35,male,Pemuka Agama,free,5000000,3386000,12,30658037,30000000
461,36,male,Mesin Inspeksi,own,5000000,1721000,15,57899892,50000000
492,27,female,Sales,own,5000000,1237000,6,44852016,40000000
527,42,male,Spesialis,own,5000000,1503000,4,24633074,20000000
547,32,male,Pemuka Agama,own,5000000,1552000,24,48733582,40000000
564,37,male,Mesin Inspeksi,own,5000000,4712000,24,54816540,50000000
566,36,male,Spesialis,own,5000000,1372000,12,47629389,40000000
585,20,female,Servis Lainnya,rent,5000000,2039000,18,38390487,30000000
587,21,male,Servis Lainnya,own,5000000,1289000,12,21603934,20000000
594,40,male,Mesin Inspeksi,own,5000000,1358000,24,14701558,10000000
599,32,male,Perbaikan Kerajinan,free,5000000,3863000,24,35035580,30000000
604,23,female,Mesin Inspeksi,own,5000000,1275000,10,12927813,10000000
618,21,female,Ekesekutif Managerial,rent,5000000,3441000,30,59195123,50000000
619,49,male,Pemuka Agama,own,5000000,640000,12,40212258,40000000
625,35,male,Mesin Inspeksi,own,5000000,1979000,15,34398659,30000000
629,64,male,Servis Lainnya,own,5000000,3832000,9,57866895,50000000
633,19,female,Sales,rent,5000000,1980000,9,49200043,40000000
639,26,male,Ekesekutif Managerial,own,5000000,4370000,42,23537616,20000000
663,35,male,Ekesekutif Managerial,own,5000000,1050000,6,45706811,40000000
672,42,male,Ekesekutif Managerial,own,5000000,10366000,60,17915439,10000000
676,33,male,Perbaikan Kerajinan,own,5000000,5150000,24,16287262,10000000
691,25,female,Perbaikan Kerajinan,own,5000000,2631000,15,58213033,50000000
695,50,male,Perbaikan Kerajinan,rent,5000000,1236000,6,31499404,30000000
699,40,male,Pemuka Agama,rent,5000000,1905000,15,10882277,10000000
709,37,male,Mesin Inspeksi,own,5000000,2118000,9,43950394,40000000
710,32,male,?,own,5000000,629000,18,40461754,40000000
724,21,female,Pemuka Agama,rent,5000000,2570000,27,40187224,40000000
728,59,female,Pemuka Agama,rent,5000000,6416000,48,23111936,20000000
729,36,male,Perbaikan Kerajinan,own,5000000,1275000,24,19566435,10000000
731,21,male,Mesin Inspeksi,rent,5000000,1987000,24,50499731,50000000
738,45,male,Mesin Inspeksi,own,5000000,6761000,6,55545279,50000000
742,41,male,Ekesekutif Managerial,own,5000000,3160000,21,59579461,50000000
743,22,male,Perbaikan Kerajinan,own,5000000,2483000,24,42436022,40000000
744,30,male,Servis Lainnya,own,5000000,14179000,39,50736983,50000000
765,40,male,Spesialis,own,5000000,1155000,12,21032329,20000000
779,67,female,Ekesekutif Managerial,own,5000000,3872000,18,16038031,10000000
785,35,male,Spesialis,own,5000000,1941000,18,39098212,30000000
788,50,male,Spesialis,free,5000000,6224000,48,34985055,30000000
790,39,female,Ekesekutif Managerial,own,5000000,1188000,21,45553700,40000000
791,41,male,Supir,own,5000000,6313000,24,50425002,50000000
803,35,male,Servis Lainnya,own,5000000,976000,12,39548494,30000000
811,28,male,Perbaikan Kerajinan,own,5000000,484000,6,13000500,10000000
814,46,male,Sales,free,5000000,3931000,48,51019233,50000000
821,24,male,Spesialis,own,5000000,3016000,12,51452932,50000000
834,25,female,Servis Lainnya,own,5000000,2327000,15,41250355,40000000
847,28,male,Spesialis,own,5000000,1249000,24,46249930,40000000
850,33,male,Ekesekutif Managerial,rent,5000000,2235000,20,10948063,10000000
855,33,male,Pembersih,own,5000000,1474000,24,39726966,30000000
856,40,female,Sales,own,5000000,894000,10,12907283,10000000
860,27,male,Servis Lainnya,own,5000000,5804000,24,18790706,10000000
869,24,female,Servis Lainnya,rent,5000000,652000,12,43603186,40000000
904,36,male,Servis Lainnya,own,5000000,1278000,24,20256819,20000000
907,27,male,Ekesekutif Managerial,own,5000000,3711000,36,42575856,40000000
924,55,male,Servis Lainnya,own,5000000,6872000,24,13147223,10000000
943,42,male,Mesin Inspeksi,own,5000000,1455000,4,38327010,30000000
956,49,male,Mesin Inspeksi,own,5000000,3656000,30,19988449,10000000
963,35,male,Pemuka Agama,own,5000000,2397000,24,55621390,50000000
974,33,female,Ekesekutif Managerial,own,5000000,2831000,30,34090530,30000000
988,29,male,Sales,free,5000000,6579000,24,48375042,40000000
12,22,female,?,own,4000000,1567000,12,41086941,40000000
23,44,male,Ekesekutif Managerial,own,4000000,1804000,12,47301929,40000000
28,34,male,Servis Lainnya,own,4000000,2415000,7,41222246,40000000
37,37,male,Servis Lainnya,own,4000000,2100000,18,34547993,30000000
47,23,female,Tech-support,rent,4000000,1352000,6,53475570,50000000
58,23,female,Spesialis,own,4000000,1961000,18,46337351,40000000
67,22,male,Spesialis,own,4000000,1007000,12,45623107,40000000
80,44,female,Ekesekutif Managerial,own,4000000,5943000,24,40446875,40000000
108,30,female,Sales,own,4000000,7721000,24,39996443,30000000
113,25,female,Spesialis,own,4000000,7855000,36,51982827,50000000
122,24,male,?,rent,4000000,1768000,12,44573291,40000000
128,34,male,Pembersih,own,4000000,1860000,12,52253327,50000000
153,29,female,Mesin Inspeksi,rent,4000000,7758000,24,41952908,40000000
157,45,male,Servis Lainnya,own,4000000,339000,12,29074679,20000000
161,30,female,Supir,own,4000000,1055000,18,15503304,10000000
171,26,female,Spesialis,own,4000000,763000,12,32068423,30000000
174,26,male,Pemuka Agama,own,4000000,3414000,21,29053299,20000000
180,28,male,Supir,own,4000000,9572000,36,37971748,30000000
184,36,male,Sales,own,4000000,884000,18,34809463,30000000
211,45,female,Spesialis,own,4000000,3835000,36,57918133,50000000
218,24,male,Spesialis,rent,4000000,3021000,24,50254000,50000000
239,39,male,Pembersih,own,4000000,2522000,30,26964291,20000000
248,26,male,Servis Lainnya,own,4000000,1925000,24,33469868,30000000
289,48,male,?,own,4000000,1024000,24,28125980,20000000
318,32,male,Servis Lainnya,own,4000000,701000,12,38497601,30000000
321,32,male,Pemuka Agama,own,4000000,1938000,24,30790087,30000000
323,28,male,Perbaikan Kerajinan,own,4000000,2659000,18,10288996,10000000
334,23,male,Sales,rent,4000000,4110000,24,58505555,50000000
337,24,female,Perbaikan Kerajinan,rent,4000000,1275000,15,46598402,40000000
341,26,female,Sales,rent,4000000,3599000,21,59732874,50000000
343,33,male,Ekesekutif Managerial,own,4000000,4439000,18,48659763,40000000
355,23,male,Mesin Inspeksi,own,4000000,1246000,24,14362222,10000000
365,36,male,Perbaikan Kerajinan,own,4000000,1542000,12,31245543,30000000
368,42,male,Spesialis,own,4000000,3446000,36,39169818,30000000
372,23,female,Ekesekutif Managerial,rent,4000000,2146000,10,51425627,50000000
374,60,female,Sales,free,4000000,14782000,60,26537304,20000000
377,36,male,Pemuka Agama,free,4000000,846000,7,40543874,40000000
388,27,male,Ekesekutif Managerial,own,4000000,2326000,15,38873302,30000000
409,28,male,?,own,4000000,939000,12,39524926,30000000
410,20,female,Spesialis,own,4000000,1967000,24,41231496,40000000
412,42,male,Servis Lainnya,own,4000000,2292000,12,47685887,40000000
417,23,female,Sales,rent,4000000,8471000,18,11283576,10000000
439,26,female,Spesialis,own,4000000,609000,12,31373205,30000000
466,29,female,Ekesekutif Managerial,rent,4000000,1659000,24,38531820,30000000
480,23,female,Servis Lainnya,own,4000000,3573000,12,33722491,30000000
489,26,male,?,rent,4000000,3518000,6,42415334,40000000
494,39,male,Perbaikan Kerajinan,rent,4000000,2122000,12,48593659,40000000
495,20,male,Spesialis,own,4000000,2996000,24,50903989,50000000
505,27,male,Servis Lainnya,own,4000000,1309000,10,48863914,40000000
519,36,male,Perbaikan Kerajinan,free,4000000,700000,6,16713266,10000000
521,24,female,Supir,own,4000000,3190000,18,48638471,40000000
531,28,female,Pemuka Agama,rent,4000000,2631000,15,47232699,40000000
539,45,female,Servis Lainnya,own,4000000,3049000,18,10479618,10000000
555,22,male,Spesialis,own,4000000,1331000,12,18399609,10000000
559,31,male,Supir,own,4000000,1928000,18,20669447,20000000
576,27,female,Servis Lainnya,own,4000000,2930000,12,58902146,50000000
583,33,male,Sales,rent,4000000,2384000,36,11521590,10000000
598,31,male,Ekesekutif Managerial,own,4000000,2775000,18,31748930,30000000
602,34,female,Servis Lainnya,free,4000000,1837000,24,18962457,10000000
621,32,male,Pemuka Agama,own,4000000,1530000,18,16731621,10000000
628,36,male,Ekesekutif Managerial,own,4000000,4042000,42,47324839,40000000
687,30,male,Ekesekutif Managerial,free,4000000,2862000,36,58389921,50000000
694,28,male,Spesialis,own,4000000,2284000,24,58118334,50000000
702,47,female,Mesin Inspeksi,free,4000000,1377000,24,56876711,50000000
713,25,male,Perbaikan Kerajinan,own,4000000,1138000,9,21424266,20000000
740,32,male,Sales,own,4000000,2325000,24,48146403,40000000
745,28,male,Servis Lainnya,own,4000000,1797000,13,52122000,50000000
762,24,male,Sales,own,4000000,2214000,12,36709623,30000000
767,31,female,Pembersih,rent,4000000,2901000,10,26086753,20000000
778,38,male,?,own,4000000,5711000,36,39532697,30000000
786,40,male,Sales,own,4000000,2675000,22,13944757,10000000
794,32,male,Pemuka Agama,rent,4000000,3062000,24,49889046,40000000
797,22,female,Sales,rent,4000000,1258000,12,30314234,30000000
825,30,male,Perbaikan Kerajinan,own,4000000,1602000,21,45409160,40000000
852,35,male,Ekesekutif Managerial,free,4000000,1471000,15,58558026,50000000
868,37,male,Perbaikan Kerajinan,own,4000000,7409000,36,49508813,40000000
872,26,male,Servis Lainnya,own,4000000,1382000,24,34085206,30000000
875,40,female,Spesialis,own,4000000,1322000,11,41862024,40000000
883,65,female,?,own,4000000,1098000,18,27573204,20000000
889,40,male,Ekesekutif Managerial,rent,4000000,7824000,28,26063279,20000000
896,28,female,Pemuka Agama,rent,4000000,2606000,21,52303672,50000000
898,33,female,Servis Lainnya,rent,4000000,2186000,15,28023901,20000000
900,43,male,Petani,rent,4000000,2625000,16,29940298,20000000
932,30,male,Mesin Inspeksi,own,4000000,1224000,9,45519989,40000000
934,23,female,Servis Lainnya,own,4000000,1498000,12,56269169,50000000
952,28,female,Perbaikan Kerajinan,rent,4000000,4113000,24,37449338,30000000
965,26,female,Ekesekutif Managerial,own,4000000,1715000,30,50718713,50000000
981,33,male,Sales,rent,4000000,4844000,48,35710988,30000000
982,28,female,Servis Lainnya,own,4000000,2923000,21,31168839,30000000
993,30,male,Pemuka Agama,own,4000000,3959000,36,10770749,10000000
16,53,male,Petani,own,3000000,2424000,24,30363637,30000000
20,48,male,Perbaikan Kerajinan,own,3000000,2134000,9,39626658,30000000
24,26,male,Perbaikan Kerajinan,own,3000000,2069000,10,45288016,40000000
46,39,male,Perbaikan Kerajinan,own,3000000,2299000,36,17716507,10000000
66,29,female,Spesialis,own,3000000,2171000,12,26523156,20000000
73,41,female,Mesin Inspeksi,own,3000000,5954000,42,41721687,40000000
78,39,male,Mesin Inspeksi,own,3000000,9436000,54,50129858,50000000
84,52,male,Perbaikan Kerajinan,own,3000000,2315000,10,19047722,10000000
86,27,female,Spesialis,own,3000000,1295000,18,25251229,20000000
130,24,female,Mesin Inspeksi,own,3000000,8487000,48,30321334,30000000
135,38,female,Supir,own,3000000,1240000,12,47787331,40000000
142,27,male,Perbaikan Kerajinan,own,3000000,3416000,27,15186794,10000000
143,22,male,Tech-support,own,3000000,2462000,18,42318436,40000000
149,46,male,?,own,3000000,1582000,18,16899113,10000000
167,20,female,Spesialis,own,3000000,1577000,11,36736284,30000000
170,33,male,Ekesekutif Managerial,rent,3000000,950000,15,10527133,10000000
189,33,female,Pemuka Agama,own,3000000,3244000,18,31565780,30000000
190,54,male,Supir,own,3000000,4591000,24,57530546,50000000
193,29,male,?,rent,3000000,2108000,6,37408503,30000000
200,52,male,Pemuka Agama,own,3000000,936000,9,55848318,50000000
203,21,male,Pemuka Agama,rent,3000000,902000,12,19790869,10000000
204,38,male,Petani,own,3000000,1495000,12,48400947,40000000
221,23,female,Sales,rent,3000000,1200000,12,15101706,10000000
226,27,male,Mesin Inspeksi,own,3000000,10961000,48,45580109,40000000
237,61,male,Pembersih,rent,3000000,2767000,21,59728854,50000000
240,29,female,Sales,own,3000000,915000,24,16171907,10000000
241,51,male,Ekesekutif Managerial,own,3000000,1595000,6,27549199,20000000
257,29,male,Spesialis,free,3000000,2149000,12,51480923,50000000
287,31,male,Pembersih,free,3000000,7582000,48,58612352,50000000
291,28,male,Tech-support,rent,3000000,9398000,36,33891812,30000000
303,49,male,Pemuka Agama,own,3000000,1038000,10,44624353,40000000
315,31,male,Servis Lainnya,own,3000000,2746000,36,42120803,40000000
329,28,male,Pemuka Agama,own,3000000,1068000,6,18113470,10000000
361,37,male,Tech-support,own,3000000,3399000,12,26006265,20000000
369,40,female,Pembersih,rent,3000000,3001000,18,11742092,10000000
381,38,female,Perbaikan Kerajinan,free,3000000,12976000,18,22729466,20000000
383,26,male,Pemuka Agama,own,3000000,1330000,12,34915610,30000000
385,25,female,Pemuka Agama,own,3000000,2238000,18,21402451,20000000
425,21,male,Perbaikan Kerajinan,rent,3000000,2779000,18,57150781,50000000
431,29,male,Pembersih,own,3000000,11328000,24,50589420,50000000
442,29,male,Perbaikan Kerajinan,own,3000000,2629000,20,25692905,20000000
473,36,male,Sales,own,3000000,1238000,6,31616406,30000000
491,42,female,Mesin Inspeksi,free,3000000,8318000,27,39839791,30000000
550,23,female,Supir,own,3000000,996000,12,23027462,20000000
565,23,female,Pemuka Agama,rent,3000000,1553000,24,33526010,30000000
580,30,male,Perbaikan Kerajinan,own,3000000,1056000,18,32516440,30000000
591,42,female,Perbaikan Kerajinan,rent,3000000,1965000,24,40279610,40000000
595,32,female,Pemuka Agama,own,3000000,931000,6,16291148,10000000
605,22,male,Spesialis,own,3000000,2828000,24,44934715,40000000
611,48,female,Perbaikan Kerajinan,free,3000000,1240000,10,15068148,10000000
623,22,female,Supir,rent,3000000,1858000,12,42386536,40000000
626,41,male,Ekesekutif Managerial,own,3000000,2116000,6,20731923,20000000
642,40,male,Mesin Inspeksi,own,3000000,4623000,15,15306311,10000000
644,32,male,Ekesekutif Managerial,own,3000000,1880000,18,28862551,20000000
646,32,male,Sales,own,3000000,4583000,30,23486788,20000000
648,38,male,Pemuka Agama,free,3000000,947000,24,22597491,20000000
659,41,male,Sales,own,3000000,6361000,18,40971495,40000000
660,23,male,?,rent,3000000,1297000,12,56620156,50000000
677,24,male,Sales,own,3000000,5595000,72,25414480,20000000
688,35,male,?,own,3000000,2753000,9,27675000,20000000
698,24,male,?,own,3000000,1800000,18,29563680,20000000
704,32,female,Mesin Inspeksi,own,3000000,2528000,27,10156677,10000000
711,35,female,Pemuka Agama,free,3000000,1198000,6,17883350,10000000
715,63,male,Ekesekutif Managerial,own,3000000,7596000,30,37475828,30000000
749,33,male,Mesin Inspeksi,own,3000000,3029000,15,50253966,50000000
764,27,male,Ekesekutif Managerial,own,3000000,2463000,24,23020964,20000000
772,36,male,Spesialis,own,3000000,3275000,21,58292376,50000000
777,25,female,Petani,own,3000000,3509000,18,12647805,10000000
807,65,male,Sales,own,3000000,930000,12,44200660,40000000
815,54,female,Perbaikan Kerajinan,rent,3000000,7432000,36,52244548,50000000
819,26,male,Pembersih,own,3000000,1345000,18,59335841,50000000
824,35,male,Tech-support,own,3000000,3780000,18,22545546,20000000
853,32,male,Spesialis,free,3000000,1442000,18,35890063,30000000
870,40,female,Sales,own,3000000,7678000,36,21468438,20000000
871,46,male,Servis Lainnya,own,3000000,1343000,6,56431444,50000000
878,27,male,Ekesekutif Managerial,free,3000000,1422000,9,55010890,50000000
888,34,male,Spesialis,own,3000000,6614000,36,17336425,10000000
897,35,female,Servis Lainnya,own,3000000,1592000,12,59811071,50000000
902,42,male,?,free,3000000,10477000,36,31562759,30000000
918,33,male,Spesialis,own,3000000,2359000,24,20174362,20000000
927,39,male,Servis Lainnya,free,3000000,10297000,48,40220245,40000000
940,45,male,Ekesekutif Managerial,own,3000000,3527000,12,49392918,40000000
942,31,male,Pembersih,own,3000000,929000,24,53129791,50000000
954,29,female,Perbaikan Kerajinan,own,3000000,1893000,12,57195897,50000000
969,40,male,Servis Lainnya,own,3000000,3939000,11,41846263,40000000
980,49,male,Servis Lainnya,own,3000000,8386000,30,25011645,20000000
29,63,male,Pemuka Agama,own,1000000,6836000,60,59390182,50000000
35,25,male,?,own,1000000,4746000,45,59918195,50000000
36,31,male,Perbaikan Kerajinan,free,1000000,6110000,48,10466171,10000000
41,26,male,Spesialis,own,1000000,1158000,12,40889356,40000000
50,29,male,Spesialis,own,1000000,2333000,24,46117535,40000000
94,54,male,Petani,own,1000000,1318000,12,42422536,40000000
96,61,female,Pemuka Agama,own,1000000,2012000,12,15093452,10000000
97,34,male,Servis Lainnya,own,1000000,2622000,18,47917967,40000000
98,36,male,Servis Lainnya,own,1000000,2337000,36,40725183,40000000
106,39,male,Supir,own,1000000,6458000,18,19118120,10000000
123,63,male,Ekesekutif Managerial,free,1000000,781000,10,58886041,50000000
132,27,male,Sales,own,1000000,2708000,15,32180086,30000000
172,34,female,Sales,own,1000000,2064000,24,56297929,50000000
187,68,male,Mesin Inspeksi,free,1000000,1175000,16,13902581,10000000
192,36,male,Pemuka Agama,own,1000000,3915000,27,22441469,20000000
195,34,female,Mesin Inspeksi,own,1000000,1501000,9,51919792,50000000
210,33,male,Spesialis,own,1000000,3074000,9,53074314,50000000
223,32,male,Pemuka Agama,own,1000000,2978000,24,19068886,10000000
231,51,male,Tech-support,free,1000000,2507000,9,13739098,10000000
232,35,male,Sales,own,1000000,2141000,12,39520196,30000000
243,27,female,Servis Lainnya,own,1000000,1185000,12,36431252,30000000
244,35,female,Spesialis,own,1000000,3447000,12,51107109,50000000
256,35,male,Petani,own,1000000,2684000,24,10421886,10000000
264,32,male,Perbaikan Kerajinan,own,1000000,1231000,10,40974205,40000000
267,38,female,Supir,own,1000000,1533000,24,45500118,40000000
271,37,female,Perbaikan Kerajinan,rent,1000000,1402000,12,43014678,40000000
284,37,male,Servis Lainnya,own,1000000,3878000,24,10364677,10000000
301,42,female,Ekesekutif Managerial,own,1000000,3804000,36,46634521,40000000
306,24,female,?,rent,1000000,4811000,30,19681610,10000000
308,24,female,Ekesekutif Managerial,own,1000000,1237000,8,53885568,50000000
324,36,female,Petani,own,1000000,1028000,18,16604135,10000000
330,75,male,Petani,free,1000000,6615000,24,29763038,20000000
335,44,male,Supir,rent,1000000,3384000,6,28484758,20000000
347,23,female,Tech-support,rent,1000000,3758000,24,15396712,10000000
366,27,male,Asisten Rumah Tangga,own,1000000,3850000,18,58815001,50000000
375,37,female,Mesin Inspeksi,rent,1000000,7685000,48,46415151,40000000
376,34,male,Sales,own,1000000,2320000,18,52886237,50000000
391,19,female,Servis Lainnya,rent,1000000,983000,12,31486151,30000000
394,31,male,Servis Lainnya,own,1000000,2406000,9,12735331,10000000
400,39,male,Ekesekutif Managerial,own,1000000,1473000,18,28847280,20000000
401,28,male,Pemuka Agama,own,1000000,1887000,18,58589284,50000000
418,31,female,Spesialis,own,1000000,2782000,21,54989495,50000000
441,30,female,Supir,own,1000000,1620000,12,52628858,50000000
459,32,male,Spesialis,own,1000000,4594000,18,59445450,50000000
470,22,male,Perbaikan Kerajinan,rent,1000000,3092000,24,15478985,10000000
486,52,male,Sales,own,1000000,3077000,12,59486692,50000000
503,38,male,Ekesekutif Managerial,own,1000000,1216000,24,35843431,30000000
536,75,female,Perbaikan Kerajinan,own,1000000,1374000,6,41488676,40000000
541,60,male,Pembersih,free,1000000,2032000,24,31339327,30000000
551,45,male,Penjaga,own,1000000,1750000,6,56931045,50000000
553,27,male,Servis Lainnya,own,1000000,1995000,12,34060226,30000000
561,24,male,Pemuka Agama,rent,1000000,1546000,24,59681714,50000000
563,37,male,Servis Lainnya,free,1000000,12389000,36,54536995,50000000
597,36,male,Pemuka Agama,own,1000000,4241000,24,32478300,30000000
609,45,male,?,free,1000000,1300000,15,57478850,50000000
616,27,male,Servis Lainnya,free,1000000,9157000,60,15608893,10000000
640,27,female,Tech-support,own,1000000,750000,18,51914330,50000000
645,27,male,Sales,rent,1000000,7980000,36,36759239,30000000
671,31,male,Servis Lainnya,own,1000000,5742000,36,51752508,50000000
678,64,male,Ekesekutif Managerial,rent,1000000,2384000,24,20700822,20000000
693,44,male,Ekesekutif Managerial,own,1000000,4716000,6,26331265,20000000
696,29,male,Mesin Inspeksi,own,1000000,1103000,12,18123931,10000000
700,29,female,Perbaikan Kerajinan,rent,1000000,1123000,12,58500558,50000000
705,35,female,?,free,1000000,5324000,15,22407574,20000000
714,27,male,Spesialis,own,1000000,14027000,60,19611385,10000000
726,47,male,Ekesekutif Managerial,own,1000000,1316000,15,26272776,20000000
741,23,male,Supir,own,1000000,1048000,10,53684898,50000000
751,23,female,Perbaikan Kerajinan,own,1000000,976000,18,33876943,30000000
757,39,male,Servis Lainnya,free,1000000,1271000,15,34285679,30000000
760,59,female,Spesialis,own,1000000,5045000,15,22244727,20000000
773,52,male,Sales,own,1000000,2223000,24,12194245,10000000
780,25,male,Perbaikan Kerajinan,own,1000000,4933000,39,20593368,20000000
787,38,male,Servis Lainnya,own,1000000,2751000,48,37568526,30000000
793,51,male,Mesin Inspeksi,free,1000000,2892000,24,27599772,20000000
800,54,male,Spesialis,free,1000000,1597000,24,39814660,30000000
801,48,female,Perbaikan Kerajinan,rent,1000000,1795000,18,58632738,50000000
842,23,female,Ekesekutif Managerial,own,1000000,1943000,18,56637866,50000000
846,68,male,Pembersih,rent,1000000,6761000,18,19385350,10000000
854,45,male,Supir,own,1000000,10875000,36,58773034,50000000
857,28,male,Pembersih,free,1000000,3343000,15,41134702,40000000
894,29,male,Servis Lainnya,own,1000000,1169000,18,21511065,20000000
901,44,male,Spesialis,own,1000000,3485000,20,27093141,20000000
912,25,female,Sales,own,1000000,2991000,30,45529605,40000000
916,32,male,Pembersih,own,1000000,2848000,10,23605201,20000000
928,58,male,Tech-support,own,1000000,1867000,30,58085077,50000000
937,30,male,Tech-support,rent,1000000,2063000,6,44014614,40000000
949,31,male,Ekesekutif Managerial,own,1000000,3621000,24,39857754,30000000
950,40,male,Perbaikan Kerajinan,own,1000000,3590000,18,48034619,40000000
955,57,female,Supir,rent,1000000,1231000,24,48557941,40000000
968,29,male,Ekesekutif Managerial,rent,1000000,7166000,42,24462938,20000000
983,26,male,Perbaikan Kerajinan,own,1000000,8229000,36,19454263,10000000
990,37,male,Supir,own,1000000,3565000,12,52047934,50000000
