Nama,Setoran Awal,Jangka waktu,Bunga,bunga 1 bulan,hasil bunga
Cahyadi Nanda,20000000,9,0.03,600000,5400000
Usman Abimanyu,19000000,11,0.02,380000,4180000
Kenari Mahendra,15000000,10,0.03,450000,4500000
Kartika Wahyuni,7000000,6,0.02,140000,840000
Syahrini Hartati,9000000,9,0.01,90000,810000
Ibun Siregar,17000000,11,0.02,340000,3740000
Darmanto Irawan,10000000,12,0.03,300000,3600000
Umaya Iswahyudi,14000000,5,0.02,280000,1400000
Vino Wahyudin,16000000,9,0.02,320000,2880000
Maya Juwita,8000000,11,0.01,80000,880000
Ikin Pradipta,20000000,7,0.02,400000,2800000
Malika Andini,9000000,4,0.01,90000,360000
Gibran Tampubolon,17000000,10,0.02,340000,3400000
Banara Simbolon,20000000,12,0.01,200000,2400000
Bala Mustofa,12000000,12,0.03,360000,4320000
Cahya Haryanto,14000000,11,0.02,280000,3080000
Gatra Siregar,16000000,6,0.03,480000,2880000
Bakijan Hakim,16000000,5,0.02,320000,1600000
Padmi Palastri,8000000,7,0.01,80000,560000
Vanesa Aurelia,9000000,3,0.02,180000,540000
Artanto Samosir,20000000,10,0.03,600000,6000000
Malika Andriani,9000000,5,0.02,180000,900000
Opung Setiawan,19000000,9,0.02,380000,3420000
Cinta Yulianti,10000000,9,0.01,100000,900000
Irnanto Perdana,14000000,11,0.02,280000,3080000
Paulin Nasyiah,8000000,11,0.01,80000,880000
Banara Haryanto,11000000,4,0.02,220000,880000
Ibrahim Ahmad,16000000,10,0.01,160000,1600000
Vanya Mulyani,8000000,7,0.03,240000,1680000
Nasrullah Abiputra,17000000,9,0.02,340000,3060000
Harsanto Alamsyah,10000000,9,0.03,300000,2700000
Baktianto Purwadi,20000000,7,0.02,400000,2800000
Cecep Sabian,19000000,11,0.01,190000,2090000
Niyaga Hardiansyah,12000000,6,0.02,240000,1440000
Tira Kusuma,7000000,11,0.03,210000,2310000
Gilang Mandala,20000000,9,0.02,400000,3600000
Nabila Maheswari,5000000,6,0.02,100000,600000
Kanda Damanik,12000000,12,0.01,120000,1440000
Hasta Prasetya,18000000,4,0.02,360000,1440000
Cawisono Situmorang,14000000,8,0.01,140000,1120000
Cahyanto Prasasta,17000000,7,0.02,340000,2380000
Balangga Maheswara,14000000,7,0.01,140000,980000
Raden Himawan,19000000,3,0.03,570000,1710000
Irsad Prasetyo,14000000,4,0.02,280000,1120000
Jarwa Anggriawan,16000000,4,0.03,480000,1920000
Fathonah Nuraini,10000000,4,0.02,200000,800000
Karja Ramadan,15000000,11,0.01,150000,1650000
Harjaya Utama,17000000,10,0.02,340000,3400000
Vino Siregar,19000000,7,0.03,570000,3990000
Amalia Wijayanti,9000000,10,0.02,180000,1800000
Jarwi Wardana,16000000,4,0.02,320000,1280000
Prayitna Satria,15000000,11,0.01,150000,1650000
Daru Supriyanto,16000000,12,0.02,320000,3840000
Laila Kusuma,6000000,4,0.01,60000,240000
Ihsan Rajata,18000000,8,0.02,360000,2880000
Zelaya Laksita,7000000,10,0.01,70000,700000
Maras Yulianto,10000000,5,0.04,400000,2000000
Galuh Waluyo,16000000,6,0.02,320000,1920000
Caturangga Jailani,17000000,4,0.03,510000,2040000
Labuh Dirgantara,12000000,5,0.04,480000,2400000
Akarsana Lazuardi,20000000,7,0.01,200000,1400000
Oskar Suwarno,17000000,12,0.02,340000,4080000
Muni Nugroho,15000000,6,0.03,450000,2700000
Edison Nashiruddin,16000000,11,0.01,160000,1760000
Halima Hartati,9000000,3,0.03,270000,810000
Tri Ningrum,8000000,8,0.02,160000,1280000
Gantar Mangunsong,17000000,12,0.01,170000,2040000
Kajen Simanjuntak,19000000,12,0.04,760000,9120000
Nilam Haryanti,10000000,4,0.01,100000,400000
Novita Rachmawati,8000000,11,0.03,240000,2640000
Hendra Prasetyo,12000000,12,0.02,240000,2880000
Jaiman Megantara,12000000,9,0.01,120000,1080000
Galang Ardana,14000000,3,0.02,280000,840000
Anggun Laksmiwati,8000000,3,0.03,240000,720000
Warta Yulianto,14000000,4,0.02,280000,1120000
Lulut Samosir,19000000,6,0.02,380000,2280000
Wawan Agustian,17000000,9,0.01,170000,1530000
Digdaya Arifin,18000000,11,0.02,360000,3960000
Belinda Putri,7000000,8,0.01,70000,560000
Hari Satria,17000000,8,0.02,340000,2720000
Laksana Simanjuntak,12000000,8,0.01,120000,960000
Bakti Rajata,11000000,8,0.04,440000,3520000
Reksa Thamrin,11000000,9,0.02,220000,1980000
Aurora Farida,7000000,8,0.03,210000,1680000
Darmana Irawan,20000000,11,0.04,800000,8800000
Cahyo Rajata,18000000,4,0.01,180000,720000
Raditya Kuswoyo,16000000,8,0.02,320000,2560000
Jumari Wibisono,16000000,6,0.03,480000,2880000
Puspa Leilani,8000000,10,0.01,80000,800000
Heryanto Situmorang,12000000,10,0.03,360000,3600000
Aris Wardana,14000000,8,0.02,280000,2240000
Danu Nugroho,19000000,8,0.01,190000,1520000
Ivan Kurniawan,14000000,6,0.04,560000,3360000
Rama Darmawan,17000000,6,0.01,170000,1020000
Oman Simanjuntak,14000000,10,0.03,420000,4200000
Simon Putra,10000000,6,0.02,200000,1200000
Rahman Abimanyu,17000000,11,0.01,170000,1870000
Rosman Darmawan,14000000,6,0.02,280000,1680000
Febriana Saraswati,7000000,10,0.03,210000,2100000
Tasnim Sitorus,20000000,7,0.02,400000,2800000
Dwi Oktaviani,7000000,8,0.02,140000,1120000
Agustina Anjani,5000000,10,0.01,50000,500000
Banawa Syahreza,11000000,9,0.02,220000,1980000
Elvina Widiastuti,7000000,9,0.01,70000,630000
Victoria Salsabilla,7000000,3,0.02,140000,420000
Rika Agustina,5000000,7,0.01,50000,350000
Yessi Ardiyanti,9000000,12,0.04,360000,4320000
Erik Megantara,14000000,5,0.02,280000,1400000
Yosef Prabowo,19000000,7,0.03,570000,3990000
Latif Satria,14000000,7,0.04,560000,3920000
Rahayu Aurelia,9000000,8,0.01,90000,720000
Rangga Sihotang,19000000,8,0.02,380000,3040000
Paiman Hakim,20000000,7,0.03,600000,4200000
Sakura Sudiati,7000000,10,0.01,70000,700000
Nasim Firmansyah,17000000,8,0.03,510000,4080000
Cemplunk Najmudin,14000000,4,0.02,280000,1120000
Harja Adhitama,12000000,12,0.01,120000,1440000
Anita Melinda,10000000,5,0.04,400000,2000000
Mahdi Pradipta,19000000,11,0.03,570000,6270000
Rendy Suwarno,18000000,8,0.02,360000,2880000
Maida Andini,10000000,9,0.03,300000,2700000
Puput Rahimah,9000000,12,0.02,180000,2160000
Pangestu Hardiansyah,15000000,7,0.01,150000,1050000
Puti Safitri,5000000,6,0.02,100000,600000
Vero Oktovian,17000000,11,0.03,510000,5610000
Dimas Hidayanto,18000000,12,0.02,360000,4320000
Jaya Mahardika,18000000,6,0.02,360000,2160000
Mulyanto Utama,18000000,10,0.01,180000,1800000
Rini Pertiwi,7000000,12,0.02,140000,1680000
Lanang Marpaung,19000000,5,0.01,190000,950000
Ivan Purnama,11000000,7,0.02,220000,1540000
Paris Widiastuti,10000000,5,0.01,100000,500000
Tira Kusmawati,5000000,11,0.03,150000,1650000
Panca Wacana,14000000,4,0.02,280000,1120000
Julia Laksita,10000000,9,0.03,300000,2700000
Purwa Pradipta,15000000,11,0.02,300000,3300000
Asirwanda Uwais,16000000,8,0.01,160000,1280000
Mulyono Yulianto,20000000,3,0.02,400000,1200000
Kani Haryanti,8000000,10,0.03,240000,2400000
Niyaga Hutasoit,17000000,4,0.02,340000,1360000
Kuncara Firmansyah,16000000,6,0.02,320000,1920000
Ilsa Kusmawati,8000000,3,0.01,80000,240000
Bahuwirya Hutapea,16000000,8,0.02,320000,2560000
Malika Wahyuni,5000000,4,0.01,50000,200000
Kasusra Waluyo,18000000,10,0.02,360000,3600000
Azalea Melinda,9000000,8,0.01,90000,720000
Kayun Irawan,19000000,3,0.03,570000,1710000
Mujur Suryono,20000000,10,0.02,400000,4000000
Lidya Mayasari,10000000,9,0.03,300000,2700000
Halim Situmorang,15000000,7,0.02,300000,2100000
Kamal Sirait,19000000,3,0.01,190000,570000
Koko Sitorus,17000000,10,0.02,340000,3400000
Asmuni Dirgantara,18000000,10,0.03,540000,5400000
Jamalia Prastuti,10000000,10,0.02,200000,2000000
Viktor Purwadi,20000000,3,0.02,400000,1200000
Manah Lazuardi,11000000,6,0.01,110000,660000
Wage Hutapea,16000000,9,0.02,320000,2880000
Farhunnisa Andini,10000000,8,0.01,100000,800000
Daryani Rajasa,12000000,12,0.02,240000,2880000
Paris Wastuti,8000000,4,0.01,80000,320000
Dasa Uwais,20000000,7,0.03,600000,4200000
Yunita Maharani,6000000,11,0.02,120000,1320000
Kamal Mustofa,16000000,7,0.03,480000,3360000
Nadine Puspita,5000000,7,0.02,100000,700000
Gambira Saragih,16000000,5,0.01,160000,800000
Aditya Purwadi,15000000,4,0.02,300000,1200000
Fara Elvina,8000000,3,0.03,240000,720000
Nadine Zulaika,9000000,4,0.02,180000,720000
Darijan Gunawan,12000000,4,0.02,240000,960000
Halima Anjani,8000000,11,0.01,80000,880000
Hardana Thamrin,14000000,3,0.02,280000,840000
Limar Nugraha,14000000,7,0.01,140000,980000
Saka Prakasa,14000000,11,0.02,280000,3080000
Galak Dirgantara,17000000,11,0.01,170000,1870000
Aris Saptono,18000000,11,0.04,720000,7920000
Hartaka Pratama,14000000,12,0.02,280000,3360000
Marsito Supriyanto,14000000,11,0.03,420000,4620000
Puspita Purnawati,9000000,12,0.04,360000,4320000
Rahman Waskita,16000000,6,0.01,160000,960000
Paramita Mandasari,5000000,7,0.02,100000,700000
Yosef Hardiansyah,10000000,5,0.03,300000,1500000
Chelsea Namaga,9000000,12,0.01,90000,1080000
Hilda Putri,7000000,10,0.03,210000,2100000
Amalia Andini,7000000,10,0.02,140000,1400000
Asman Purwadi,11000000,3,0.01,110000,330000
Karsana Firgantoro,11000000,7,0.04,440000,3080000
Kayun Wacana,18000000,10,0.01,180000,1800000
Radika Tarihoran,20000000,11,0.03,600000,6600000
Nasab Rajasa,16000000,10,0.02,320000,3200000
Kayun Natsir,18000000,12,0.01,180000,2160000
Novita Fathina,6000000,11,0.02,120000,1320000
Asirwanda Adhitama,15000000,8,0.03,450000,3600000
Restu Namaga,10000000,8,0.02,200000,1600000
Ikin Mahendra,18000000,5,0.02,360000,1800000
Kamila Nurdiyanti,5000000,8,0.01,50000,400000
Limar Suwarno,17000000,5,0.02,340000,1700000
Hadi Maheswara,14000000,7,0.01,140000,980000
Fitri Nurlaela,5000000,3,0.02,100000,300000
Anita Wahyuni,6000000,8,0.01,60000,480000
Nyoman Siregar,16000000,4,0.04,640000,2560000
Teddy Mahardika,18000000,6,0.02,360000,2160000
Halim Ardianto,11000000,3,0.03,330000,990000
Samiah Yulianti,6000000,6,0.04,240000,1440000
Dartono Sudrajat,16000000,12,0.01,160000,1920000
Ajeng Wahyuni,6000000,10,0.02,120000,1200000
Tugiman Sihotang,18000000,10,0.03,540000,5400000
Dagel Haikal,12000000,3,0.01,120000,360000
Jagapati Widodo,19000000,7,0.03,570000,3990000
Gandi Nababan,14000000,9,0.02,280000,2520000
Retno Yolanda,5000000,6,0.01,50000,300000
Eman Pratama,12000000,6,0.04,480000,2880000
Opan Airlangga,12000000,6,0.01,120000,720000
Adika Kuswoyo,16000000,10,0.03,480000,4800000
Maman Hidayat,14000000,5,0.02,280000,1400000
Agnes Febrianti,8000000,9,0.01,80000,720000
Gara Darmawan,20000000,9,0.02,400000,3600000
Uli Juwita,8000000,6,0.03,240000,1440000
Sarah Laksita,5000000,11,0.02,100000,1100000
Akarsana Nugroho,14000000,5,0.02,280000,1400000
Sakti Purnawarman,20000000,9,0.01,200000,1800000
Ilsa Anggraini,9000000,9,0.02,180000,1620000
Surya Hutapea,20000000,4,0.01,200000,800000
Galak Utama,20000000,8,0.02,400000,3200000
Safira Aqila,5000000,7,0.01,50000,350000
Akarsana Pradipta,18000000,9,0.04,720000,6480000
Vania Utami,10000000,3,0.02,200000,600000
Bakiman Manullang,17000000,5,0.03,510000,2550000
Yosef Firmansyah,20000000,7,0.04,800000,5600000
Ridwan Megantara,17000000,8,0.01,170000,1360000
Mursita Supriyanto,16000000,7,0.02,320000,2240000
Retno Anjani,8000000,9,0.03,240000,2160000
Hari Maryadi,18000000,3,0.01,180000,540000
Jagaraga Firgantoro,16000000,6,0.03,480000,2880000
Cahyono Prasetyo,10000000,12,0.02,200000,2400000
Raditya Tarihoran,14000000,6,0.01,140000,840000
Yani Susanti,8000000,10,0.04,320000,3200000
Sidiq Faresta,16000000,11,0.03,480000,5280000
Karta Pranowo,18000000,11,0.02,360000,3960000
Azalea Ningrum,7000000,12,0.03,210000,2520000
Rahmi Nasyidah,7000000,12,0.02,140000,1680000
Kariman Napitupulu,19000000,8,0.01,190000,1520000
Salman Lesmana,12000000,11,0.02,240000,2640000
Darman Mangunsong,19000000,11,0.03,570000,6270000
Rusman Abimanyu,11000000,6,0.02,220000,1320000
Iriana Susanti,5000000,10,0.02,100000,1000000
Humaira Wastuti,9000000,11,0.01,90000,990000
Hartana Wacana,20000000,4,0.02,400000,1600000
Sabri Mahardika,16000000,4,0.01,160000,640000
Damar Handoko,11000000,4,0.02,220000,880000
Eli Juwita,5000000,11,0.01,50000,550000
Ditya Leilani,10000000,11,0.03,300000,3300000
Restu Pudjiastuti,9000000,8,0.02,180000,1440000
Jumadi Wardana,12000000,8,0.03,360000,2880000
Paiman Kurniawan,17000000,10,0.02,340000,3400000
Adikara Mustofa,18000000,8,0.01,180000,1440000
Lantar Haikal,14000000,3,0.02,280000,840000
Hasta Haryanto,18000000,7,0.03,540000,3780000
Jamil Antoni,12000000,5,0.02,240000,1200000
Daru Nainggolan,17000000,10,0.02,340000,3400000
Sidiq Prayoga,19000000,9,0.01,190000,1710000
Irsad Mandala,19000000,6,0.02,380000,2280000
Galih Simbolon,16000000,10,0.01,160000,1600000
Dadi Fabian,11000000,4,0.02,220000,880000
Faizah Afifah,9000000,9,0.01,90000,810000
Cahya Kusumo,19000000,10,0.03,570000,5700000
Tsabita Usada,9000000,8,0.02,180000,1440000
Zaenab Nurdiyanti,7000000,9,0.03,210000,1890000
Irawati Kahyang,7000000,6,0.02,140000,840000
Padmi Harini,5000000,12,0.01,50000,600000
Latif Lazuardi,15000000,8,0.02,300000,2400000
Mumpuni Maulana,16000000,12,0.03,480000,5760000
Wardi Natsir,18000000,10,0.02,360000,3600000
Prima Waluyo,14000000,5,0.02,280000,1400000
Cawisadi Rendra,19000000,11,0.01,190000,2090000
Cahyo Purnawarman,16000000,7,0.02,320000,2240000
Ilyas Wicaksono,11000000,12,0.01,110000,1320000
Mulya Darojat,20000000,6,0.02,400000,2400000
Harimurti Natsir,18000000,4,0.01,180000,720000
Kasiran Rayhan,11000000,5,0.03,330000,1650000
Bahuraksa Bagaskara,12000000,9,0.02,240000,2160000
Olga Prasasta,14000000,5,0.03,420000,2100000
Caraka Syahreza,17000000,8,0.02,340000,2720000
Enteng Sitorus,11000000,5,0.01,110000,550000
Gading Marbun,12000000,9,0.02,240000,2160000
Tari Ramadhani,8000000,9,0.03,240000,2160000
Diah Yolanda,10000000,9,0.02,200000,1800000
Malik Simanjuntak,14000000,8,0.02,280000,2240000
Zelaya Suartini,8000000,4,0.01,80000,320000
Aulia Hassanah,7000000,9,0.02,140000,1260000
Rahmat Oktavian,17000000,7,0.01,170000,1190000
Tirtayasa Santoso,19000000,6,0.02,380000,2280000
Latika Laksmiwati,8000000,9,0.01,80000,720000
Jati Situmorang,15000000,9,0.04,600000,5400000
Nrima Wijaya,15000000,6,0.02,300000,1800000
Marsudi Sitompul,17000000,4,0.03,510000,2040000
Cemani Hutagalung,18000000,8,0.04,720000,5760000
Aditya Alamsyah,14000000,7,0.01,140000,980000
Setya Abiputra,18000000,5,0.02,360000,1800000
Kawaya Mansur,20000000,9,0.03,600000,5400000
Arsipatra Prasetya,18000000,4,0.01,180000,720000
Siti Kuswandari,5000000,3,0.03,150000,450000
Laksana Prasetya,12000000,7,0.02,240000,1680000
Dimas Hermawan,16000000,3,0.01,160000,480000
Titin Leilani,10000000,4,0.04,400000,1600000
Daliman Aswandi,14000000,6,0.01,140000,840000
Ami Afifah,6000000,10,0.03,180000,1800000
Gandi Mangunsong,15000000,4,0.02,300000,1200000
Kemba Uwais,12000000,3,0.01,120000,360000
Gaman Utama,15000000,10,0.02,300000,3000000
Nadia Riyanti,7000000,3,0.03,210000,630000
Uli Prastuti,7000000,10,0.02,140000,1400000
Dimaz Wacana,20000000,5,0.02,400000,2000000
Timbul Irfandi,11000000,11,0.01,110000,1210000
Raditya,10000000,4,0.02,200000,800000
Wasis Dirgantara,20000000,9,0.01,200000,1800000
Banawa Prasasta,14000000,8,0.02,280000,2240000
Ria Azzahra,5000000,3,0.01,50000,150000
Nimas Winarsih,10000000,12,0.04,400000,4800000
Yulia Laksmiwati,7000000,8,0.02,140000,1120000
Dariati Thamrin,11000000,9,0.03,330000,2970000
Cawuk Simanjuntak,18000000,9,0.04,720000,6480000
Taufik Saefullah,20000000,5,0.01,200000,1000000
Ifa Kuswandari,8000000,5,0.02,160000,800000
Zizi Saraswati,5000000,3,0.03,150000,450000
Yuliana Andini,8000000,3,0.01,80000,240000
Jagapati Agustian,17000000,7,0.03,510000,3570000
Agustina Hartati,7000000,12,0.02,140000,1680000
Dwi Anggraini,7000000,6,0.01,70000,420000
Warsita Mandala,11000000,3,0.04,440000,1320000
Dariati Yulianto,14000000,11,0.01,140000,1540000
Salimah Purnawati,10000000,10,0.03,300000,3000000
Bajragin Anggriawan,15000000,7,0.02,300000,2100000
Salwa Yulianti,10000000,11,0.01,100000,1100000
Dalima Puspasari,7000000,8,0.02,140000,1120000
Ellis Zulaika,9000000,10,0.03,270000,2700000
Surya Habibi,19000000,8,0.02,380000,3040000
Devi Ningrum,8000000,5,0.02,160000,800000
Vanya Zahrah,8000000,12,0.01,80000,960000
Surya Dirgantara,20000000,5,0.02,400000,2000000
Aslijan Halim,14000000,12,0.01,140000,1680000
Eko Nababan,17000000,7,0.02,340000,2380000
Balijan Gunawan,12000000,11,0.01,120000,1320000
Rita Susanti,7000000,4,0.04,280000,1120000
Jumari Rajata,11000000,7,0.02,220000,1540000
Tirta Irfandi,17000000,12,0.03,510000,6120000
Latika Kusuma,8000000,4,0.04,320000,1280000
Linda Rahmawati,7000000,12,0.01,70000,840000
Kamila Kusuma,9000000,6,0.02,180000,1080000
Daniswara Maulana,15000000,4,0.03,450000,1800000
Kala Salahudin,14000000,8,0.01,140000,1120000
Pratiwi Mardhiyah,7000000,3,0.03,210000,630000
Kezia Azzahra,9000000,8,0.02,180000,1440000
Ulva Pertiwi,9000000,5,0.01,90000,450000
Umar Wardana,17000000,3,0.04,680000,2040000
Estiono Satria,19000000,5,0.03,570000,2850000
Aulia Rahimah,9000000,5,0.02,180000,900000
Julia Elvina,8000000,11,0.03,240000,2640000
Damar Narpati,19000000,11,0.02,380000,4180000
Mariadi Winarno,18000000,5,0.01,180000,900000
Galur Prayoga,18000000,4,0.02,360000,1440000
Eko Zulkarnain,17000000,4,0.03,510000,2040000
Unjani Salsabilla,7000000,3,0.02,140000,420000
Ibun Aswandi,18000000,9,0.02,360000,3240000
Mahesa Airlangga,17000000,11,0.01,170000,1870000
Putri Elvina,9000000,5,0.02,180000,900000
Halima Pudjiastuti,7000000,4,0.01,70000,280000
Zamira Damayanti,7000000,6,0.02,140000,840000
Linda Kuswandari,7000000,4,0.01,70000,280000
Julia Hartati,9000000,12,0.03,270000,3240000
Kania Uyainah,7000000,11,0.02,140000,1540000
Nrima Nainggolan,18000000,6,0.03,540000,3240000
Natalia Prastuti,6000000,6,0.02,120000,720000
Jumadi Habibi,19000000,6,0.01,190000,1140000
Dadi Winarno,17000000,8,0.02,340000,2720000
Mumpuni Marbun,15000000,10,0.03,450000,4500000
Dariati Utama,14000000,7,0.02,280000,1960000
Ibun Pradipta,16000000,8,0.02,320000,2560000
Yunita Nathania,9000000,3,0.01,90000,270000
Syahrini Anandya,8000000,5,0.02,160000,800000
Limar Manullang,17000000,5,0.01,170000,850000
Mulya Tampubolon,18000000,4,0.02,360000,1440000
Hesti Prastuti,7000000,11,0.01,70000,770000
Febrina Harini,10000000,6,0.03,300000,1800000
Gamblang Rajasa,15000000,4,0.02,300000,1200000
Eman Yudhistira,11000000,4,0.03,330000,1320000
Digdaya Aswandi,11000000,4,0.02,220000,880000
Timbul Agustian,10000000,12,0.01,100000,1200000
Hardana Nainggolan,17000000,9,0.02,340000,3060000
Tami Hassanah,8000000,8,0.03,240000,1920000
Kamila Handayani,9000000,7,0.02,180000,1260000
Martani Setiawan,11000000,7,0.02,220000,1540000
Jaya Sihotang,19000000,11,0.01,190000,2090000
Mursinin Napitupulu,15000000,4,0.02,300000,1200000
Latika Hartati,10000000,4,0.01,100000,400000
Bakiman Yanuar,18000000,4,0.02,360000,1440000
Bakiono Jailani,10000000,12,0.01,100000,1200000
Praba Rendra,10000000,11,0.03,300000,3300000
Ilyas Situmorang,18000000,10,0.02,360000,3600000
Harja Suwarno,10000000,12,0.03,300000,3600000
Jasmani Narpati,19000000,7,0.02,380000,2660000
Karman Zulkarnain,18000000,10,0.01,180000,1800000
Limar Winarno,19000000,9,0.02,380000,3420000
Jane Azizah,5000000,6,0.03,150000,900000
Yessi Fathina,9000000,8,0.02,180000,1440000
Gilang Irfandi,19000000,4,0.02,380000,1520000
Prabawa Wasita,12000000,5,0.01,120000,600000
Betania Yulianti,7000000,7,0.02,140000,980000
Nasrullah Pradipta,14000000,4,0.01,140000,560000
Puti Hasanah,5000000,4,0.02,100000,400000
Yessi Maheswari,9000000,10,0.01,90000,900000
Wirda Anggraini,9000000,5,0.04,360000,1800000
Koko Sinaga,15000000,11,0.02,300000,3300000
Wage Irawan,20000000,6,0.03,600000,3600000
Ilsa Nurlaela,5000000,3,0.04,200000,600000
Sakti Syahreza,14000000,12,0.01,140000,1680000
Anggun Azizah,8000000,4,0.02,160000,640000
Endah Lestari,8000000,7,0.03,240000,1680000
Sintia Riyanti,9000000,9,0.01,90000,810000
Titi Mahestri,7000000,9,0.03,210000,1890000
Gasti Agustina,10000000,10,0.02,200000,2000000
Ella Maryati,9000000,4,0.01,90000,360000
Cahyanto Iswahyudi,16000000,6,0.04,640000,3840000
Galih Narpati,20000000,3,0.01,200000,600000
Yance Jelita,6000000,8,0.03,180000,1440000
Purwanto Handoko,15000000,10,0.02,300000,3000000
Usyi Saputri,7000000,6,0.01,70000,420000
Fitria Usamah,7000000,5,0.02,140000,700000
Gibran Wicaksono,15000000,7,0.03,450000,3150000
Tasdik Yanuar,14000000,8,0.02,280000,2240000
Pandu Nugraha,17000000,8,0.02,340000,2720000
Putu Haikal,11000000,10,0.01,110000,1100000
Sabrina Hasanah,9000000,9,0.02,180000,1620000
Irsad Firmansyah,18000000,5,0.01,180000,900000
Rosa Azizah,7000000,5,0.02,140000,700000
Aisyah Juwita,9000000,8,0.01,90000,720000
Karya Lazuardi,20000000,7,0.04,800000,5600000
Sari Laksita,9000000,5,0.02,180000,900000
Galih Damanik,14000000,9,0.03,420000,3780000
Bella Novitasari,5000000,9,0.04,200000,1800000
Jumadi Wasita,19000000,3,0.01,190000,570000
Dirja Megantara,12000000,5,0.02,240000,1200000
Ajiono Widodo,20000000,9,0.03,600000,5400000
Wawan Fabian,20000000,4,0.01,200000,800000
Karsa Maryadi,17000000,6,0.03,510000,3060000
Irawati Handayani,7000000,10,0.02,140000,1400000
Nur Azzahra,9000000,10,0.01,90000,900000
Prasetya Budiyanto,14000000,6,0.04,560000,3360000
Natalia Febrianti,9000000,8,0.01,90000,720000
Utama Purwadi,11000000,9,0.03,330000,2970000
Ian Prasetya,20000000,6,0.02,400000,2400000
Saiful Supriyanto,18000000,6,0.01,180000,1080000
Satya Haikal,16000000,3,0.02,320000,960000
Eman Syahreza,19000000,7,0.03,570000,3990000
Harja Najmudin,20000000,8,0.02,400000,3200000
Karman Wahyudin,14000000,12,0.02,280000,3360000
Sabar Hakim,17000000,10,0.01,170000,1700000
Cakrabuana Hidayanto,14000000,9,0.02,280000,2520000
Estiono Lazuardi,19000000,8,0.01,190000,1520000
Panca Rendra,16000000,5,0.02,320000,1600000
Indah Mulyani,8000000,6,0.01,80000,480000
Gilda Azzahra,8000000,8,0.04,320000,2560000
Icha Zulaika,8000000,5,0.02,160000,800000
Rafi Halim,14000000,11,0.03,420000,4620000
Bahuraksa Prabowo,18000000,9,0.04,720000,6480000
Bagiya Alamsyah,16000000,12,0.01,160000,1920000
Samsul Zulkarnain,19000000,3,0.02,380000,1140000
Pia Purnawati,7000000,7,0.03,210000,1470000
Kirana Laksmiwati,7000000,9,0.01,70000,630000
Paiman Wibisono,14000000,8,0.03,420000,3360000
Nasrullah Saputra,15000000,7,0.02,300000,2100000
Rudi Sihombing,14000000,5,0.01,140000,700000
Tania Winarsih,5000000,11,0.04,200000,2200000
Ajimin Setiawan,19000000,4,0.03,570000,2280000
Zulfa Juwita,8000000,10,0.02,160000,1600000
Ira Widiastuti,5000000,12,0.03,150000,1800000
Indira Nasyidah,10000000,10,0.02,200000,2000000
Adikara Prayoga,16000000,9,0.01,160000,1440000
Rika Halimah,5000000,5,0.02,100000,500000
Amelia Puspita,7000000,12,0.03,210000,2520000
Karna Ahmad,11000000,8,0.02,220000,1760000
Jabal Mangunsong,15000000,6,0.02,300000,1800000
Dwi Hermawan,10000000,4,0.01,100000,400000
Titin Pratiwi,5000000,6,0.02,100000,600000
Raden Ardana,16000000,9,0.01,160000,1440000
Waluyo Fabian,10000000,11,0.02,200000,2200000
Hardi Marbun,14000000,9,0.01,140000,1260000
Emil Pratama,16000000,11,0.03,480000,5280000
Mustofa Supriyanto,15000000,9,0.02,300000,2700000
Hasna Riyanti,8000000,9,0.03,240000,2160000
Hamima Yulianti,8000000,10,0.02,160000,1600000
Estiono Antoni,10000000,8,0.01,100000,800000
Eman Saputra,19000000,4,0.02,380000,1520000
Atmaja Sitompul,16000000,10,0.03,480000,4800000
Ina Fathina,8000000,8,0.02,160000,1280000
Wira Sitompul,17000000,4,0.02,340000,1360000
Hendra Wardana,15000000,6,0.01,150000,900000
Taswir Wibowo,20000000,3,0.02,400000,1200000
Gara Nababan,11000000,7,0.01,110000,770000
Warsita Firgantoro,20000000,12,0.02,400000,4800000
Sabar Manullang,20000000,5,0.01,200000,1000000
Bakiman Rendra,15000000,10,0.03,450000,4500000
Cakrajiya Iswahyudi,20000000,7,0.02,400000,2800000
Liman Pranowo,19000000,3,0.03,570000,1710000
Galang Simbolon,17000000,5,0.02,340000,1700000
Hairyanto Putra,18000000,4,0.01,180000,720000
Martaka Sihombing,16000000,12,0.02,320000,3840000
Heru Antoni,17000000,11,0.03,510000,5610000
Kairav Kusumo,19000000,7,0.02,380000,2660000
Damar Sabian,15000000,7,0.02,300000,2100000
Ikhsan Hutapea,18000000,4,0.01,180000,720000
Jono Saptono,14000000,5,0.02,280000,1400000
Nrima Sabian,15000000,5,0.01,150000,750000
Amalia Kahyang,6000000,8,0.02,120000,960000
Hendra Latupono,17000000,3,0.01,170000,510000
Timbul Pratama,16000000,4,0.03,480000,1920000
Dagel Maryadi,16000000,6,0.02,320000,1920000
Harjasa Habibi,14000000,3,0.03,420000,1260000
Karja Haikal,17000000,5,0.02,340000,1700000
Martani Lesmana,17000000,5,0.01,170000,850000
Salimah Puspasari,6000000,7,0.02,120000,840000
Ajeng Palastri,8000000,3,0.03,240000,720000
Safina Aryani,10000000,12,0.02,200000,2400000
Niyaga Maryadi,18000000,7,0.02,360000,2520000
Raharja Anggriawan,18000000,12,0.01,180000,2160000
Akarsana Pratama,20000000,8,0.02,400000,3200000
Arta Situmorang,19000000,4,0.01,190000,760000
Naradi Saputra,11000000,3,0.02,220000,660000
Sidiq Ardianto,11000000,4,0.01,110000,440000
Ihsan Airlangga,14000000,10,0.04,560000,5600000
Soleh Hidayanto,20000000,4,0.02,400000,1600000
Prima Febian,20000000,6,0.03,600000,3600000
Lega Wibowo,18000000,11,0.04,720000,7920000
Mahdi Nanda,16000000,3,0.01,160000,480000
Tirta Prabowo,17000000,11,0.02,340000,3740000
Amelia Nuraini,8000000,5,0.03,240000,1200000
Gasti Maryati,8000000,5,0.01,80000,400000
Asirwanda Widodo,12000000,3,0.03,360000,1080000
Praba Rayhan,17000000,4,0.02,340000,1360000
Bahuwirya Ardana,15000000,6,0.01,150000,900000
Jaka Gunarto,16000000,8,0.04,640000,5120000
Lukman Pradana,11000000,8,0.01,110000,880000
Gantar Prakasa,11000000,3,0.03,330000,990000
Gaman Gunawan,15000000,6,0.02,300000,1800000
Martana Saefullah,16000000,3,0.01,160000,480000
Shania Saputri,5000000,5,0.02,100000,500000
Ian Sitompul,14000000,4,0.03,420000,1680000
Zulfa Saputri,5000000,4,0.02,100000,400000
Umi Rahayu,8000000,12,0.02,160000,1920000
Malika Novitasari,10000000,3,0.01,100000,300000
Luhung Haryanto,15000000,5,0.02,300000,1500000
Luthfi Sinaga,18000000,10,0.01,180000,1800000
Samsul Sinaga,14000000,6,0.02,280000,1680000
Gasti Usamah,5000000,8,0.01,50000,400000
Bakiman Gunawan,20000000,7,0.04,800000,5600000
Dagel Wibowo,20000000,7,0.02,400000,2800000
Candra Mahendra,12000000,4,0.03,360000,1440000
Aris Permadi,11000000,8,0.04,440000,3520000
Digdaya Himawan,20000000,12,0.01,200000,2400000
Bagas Yudhistira,19000000,8,0.02,380000,3040000
Ajiman Handoko,15000000,9,0.03,450000,4050000
Caket Adhitama,15000000,7,0.01,150000,1050000
Ajiono Haikal,16000000,12,0.03,480000,5760000
Viktor Setiawan,18000000,4,0.02,360000,1440000
Prasetya Supriyanto,11000000,9,0.01,110000,990000
Jasmin Nathania,9000000,6,0.04,360000,2160000
Ilyas Uwais,19000000,12,0.01,190000,2280000
Kayun Abiputra,16000000,8,0.03,480000,3840000
Nalar Yulianto,18000000,9,0.02,360000,3240000
Bajragin Darmawan,15000000,3,0.01,150000,450000
Luis Wasita,20000000,10,0.02,400000,4000000
Dimaz Ahmad,12000000,4,0.03,360000,1440000
Kartika Melinda,9000000,10,0.02,180000,1800000
Maria Mulyani,7000000,9,0.02,140000,1260000
Gilang Anggriawan,11000000,12,0.01,110000,1320000
Wira Firgantoro,14000000,3,0.02,280000,840000
Naradi Dirgantara,18000000,3,0.01,180000,540000
Johan Yulianto,16000000,7,0.02,320000,2240000
Irawati Mulyani,7000000,9,0.01,70000,630000
Icha Hassanah,5000000,7,0.04,200000,1400000
Mitra Mansur,15000000,5,0.02,300000,1500000
Yunita Yuliarti,10000000,3,0.03,300000,900000
Tasnim Satria,15000000,11,0.04,600000,6600000
Dina Astuti,10000000,12,0.01,100000,1200000
Gabriella Puspita,5000000,4,0.02,100000,400000
Abyasa Prasetyo,18000000,8,0.03,540000,4320000
Pandu Adriansyah,12000000,6,0.01,120000,720000
Drajat Ardana,16000000,9,0.03,480000,4320000
Maman Sirait,11000000,5,0.02,220000,1100000
Langgeng Rendra,15000000,6,0.01,150000,900000
Rosa Kuswandari,8000000,6,0.04,320000,1920000
Karna Yanuar,12000000,10,0.03,360000,3600000
Uda Irfandi,15000000,5,0.02,300000,1500000
Karna Hutapea,18000000,3,0.03,540000,1620000
Parman Herlambang,15000000,11,0.02,300000,3300000
Praba Hutagalung,14000000,8,0.01,140000,1120000
Pratiwi Oktaviani,7000000,6,0.02,140000,840000
Makuta Wahyudin,17000000,12,0.03,510000,6120000
Damu Hidayat,18000000,8,0.02,360000,2880000
Rizki Nababan,14000000,12,0.02,280000,3360000
Radika Purnama,14000000,9,0.01,140000,1260000
Bakijan Nainggolan,15000000,12,0.02,300000,3600000
Baktiono Gunawan,19000000,8,0.01,190000,1520000
Najam Satria,17000000,5,0.02,340000,1700000
Jabal Haikal,20000000,11,0.01,200000,2200000
Reza Hutagalung,12000000,5,0.03,360000,1800000
Makara Suwarno,20000000,3,0.02,400000,1200000
Lutfan Oktovian,15000000,5,0.03,450000,2250000
Tari Nasyidah,8000000,7,0.02,160000,1120000
Pratiwi Lestari,8000000,11,0.01,80000,880000
Jindra Febian,18000000,9,0.02,360000,3240000
Lulut Manullang,14000000,6,0.03,420000,2520000
Luis Maryadi,15000000,7,0.02,300000,2100000
Galang Gunawan,16000000,6,0.02,320000,1920000
Patricia Amanta,6000000,10,0.01,60000,600000
Hardi Hutagalung,11000000,9,0.02,220000,1980000
Cengkal Mangunsong,16000000,6,0.01,160000,960000
Prasetyo Satria,20000000,12,0.02,400000,4800000
Cawisono Febian,11000000,8,0.01,110000,880000
Febi Padmasari,9000000,7,0.03,270000,1890000
Prabu Febian,19000000,11,0.02,380000,4180000
Yunita Amanta,7000000,3,0.03,210000,630000
Harja Siregar,18000000,8,0.02,360000,2880000
Artanto Rahardian,17000000,9,0.01,170000,1530000
Jane Palastri,9000000,9,0.02,180000,1620000
Tsabita Salma,7000000,5,0.03,210000,1050000
Vanya Halimah,9000000,8,0.02,180000,1440000
Ganda Prasetya,18000000,12,0.02,360000,4320000
Qori Kahyang,7000000,5,0.01,70000,350000
Sadina Mulyani,6000000,3,0.02,120000,360000
Gangsa Handoko,19000000,10,0.01,190000,1900000
Jasmin Novitasari,5000000,8,0.02,100000,800000
Gilang Supriyanto,12000000,5,0.01,120000,600000
Hasan Nashiruddin,17000000,4,0.03,510000,2040000
Hendra Salahudin,19000000,11,0.02,380000,4180000
Bella Prastuti,9000000,11,0.03,270000,2970000
Zizi Saputri,5000000,3,0.02,100000,300000
Shakila Aryanti,5000000,7,0.01,50000,350000
Imam Dirgantara,16000000,9,0.02,320000,2880000
Eka Laksita,7000000,10,0.03,210000,2100000
Hartana Prasetya,18000000,8,0.02,360000,2880000
Reksa Perdana,14000000,8,0.02,280000,2240000
Banara Napitupulu,19000000,12,0.01,190000,2280000
Ganep Oktovian,17000000,9,0.02,340000,3060000
Balamantri Saputra,15000000,3,0.01,150000,450000
Lukman Najmudin,10000000,8,0.02,200000,1600000
Cemplunk Adriansyah,20000000,6,0.01,200000,1200000
Garda Permadi,11000000,4,0.04,440000,1760000
Kunthara Saefullah,16000000,10,0.02,320000,3200000
Indra Firmansyah,16000000,4,0.03,480000,1920000
Leo Simanjuntak,14000000,10,0.04,560000,5600000
Carub Sihombing,17000000,5,0.01,170000,850000
Chandra Syahreza,11000000,12,0.02,220000,2640000
Adhiarja Latupono,15000000,5,0.03,450000,2250000
Natalia Uyainah,10000000,11,0.01,100000,1100000
Karimah Palastri,7000000,9,0.03,210000,1890000
Ajimin Mahardika,12000000,5,0.02,240000,1200000
Emas Kuswoyo,12000000,5,0.01,120000,600000
Ami Rahimah,7000000,10,0.04,280000,2800000
Sasha Wulandari,7000000,9,0.01,70000,630000
Balidin Utama,16000000,3,0.03,480000,1440000
Novi Mardhiyah,7000000,10,0.02,140000,1400000
Vania Kusmawati,8000000,10,0.01,80000,800000
Nabila Hasanah,6000000,12,0.02,120000,1440000
Jais Mangunsong,20000000,7,0.03,600000,4200000
Pranata Arifin,11000000,4,0.02,220000,880000
Najwa Aryanti,7000000,4,0.02,140000,560000
Lanang Sitompul,11000000,12,0.01,110000,1320000
Hari Saputra,16000000,5,0.02,320000,1600000
Nugraha Setiawan,10000000,4,0.01,100000,400000
Gamblang Budiyanto,14000000,3,0.02,280000,840000
Raditya Ardana,19000000,8,0.01,190000,1520000
Farhunnisa Kusmawati,7000000,8,0.04,280000,2240000
Septi Uyainah,8000000,7,0.02,160000,1120000
Balapati Pranowo,12000000,7,0.03,360000,2520000
Kamila Pertiwi,7000000,12,0.04,280000,3360000
Purwanto Salahudin,14000000,7,0.01,140000,980000
Setya Supriyanto,19000000,6,0.02,380000,2280000
Vera Yuliarti,8000000,9,0.03,240000,2160000
Jatmiko Ardana,14000000,4,0.01,140000,560000
Vinsen Samosir,17000000,4,0.03,510000,2040000
Restu Rahayu,8000000,8,0.02,160000,1280000
Budi Rayhan,20000000,6,0.01,200000,1200000
Estiono Marbun,17000000,7,0.04,680000,4760000
Alambana Wahyudin,18000000,8,0.01,180000,1440000
Mursita Alamsyah,18000000,12,0.03,540000,6480000
Eva Padmasari,7000000,12,0.02,140000,1680000
Ani Ramadhani,7000000,6,0.01,70000,420000
Karna Narpati,12000000,8,0.02,240000,1920000
Rosa Mardhiyah,6000000,11,0.03,180000,1980000
Alika Fujiati,8000000,12,0.02,160000,1920000
Fitri Anggraini,8000000,6,0.02,160000,960000
Violet Rahayu,8000000,10,0.01,80000,800000
Kayla Amanta,6000000,3,0.02,120000,360000
Ifa Melinda,8000000,9,0.01,80000,720000
Zizi Aryani,8000000,6,0.02,160000,960000
Dyah Utami,9000000,12,0.01,90000,1080000
Panca Pradipta,11000000,5,0.04,440000,2200000
Cawisadi Irfandi,18000000,4,0.02,360000,1440000
Olivia Purnama,5000000,6,0.03,150000,900000
Siti Zulaika,7000000,4,0.04,280000,1120000
Galih Hakim,11000000,4,0.01,110000,440000
Hardana Prasasta,14000000,6,0.02,280000,1680000
Agus Utama,20000000,3,0.03,600000,1800000
Dono Yudhistira,15000000,5,0.01,150000,750000
Ghaliyati Fathina,8000000,4,0.03,240000,960000
Retno Jelita,10000000,8,0.02,200000,1600000
Agus Kurniawan,18000000,4,0.01,180000,720000
Linda Haryanti,5000000,3,0.04,200000,600000
Farah Harini,8000000,5,0.03,240000,1200000
Tania Juwita,9000000,6,0.02,180000,1080000
Damar Purnawarman,11000000,7,0.03,330000,2310000
Kenari Uwais,17000000,4,0.02,340000,1360000
Kezia Fernanda,10000000,7,0.01,100000,700000
Opung Alamsyah,12000000,7,0.02,240000,1680000
Wadi Nashiruddin,20000000,12,0.03,600000,7200000
Jinawi Rahardian,14000000,6,0.02,280000,1680000
Tsabita Aryani,10000000,9,0.02,200000,1800000
Ibrahim Santoso,20000000,3,0.01,200000,600000
Tantri Purnama,5000000,4,0.02,100000,400000
Elvina Salma,7000000,12,0.01,70000,840000
Dasa Najmudin,20000000,6,0.02,400000,2400000
Rudi Rayhan,19000000,5,0.01,190000,950000
Lasmono Adriansyah,14000000,9,0.03,420000,3780000
Balapati Darojat,18000000,12,0.02,360000,4320000
Nova Fujiati,7000000,8,0.03,210000,1680000
Gilang Haryanto,14000000,12,0.02,280000,3360000
Maria Farida,9000000,8,0.01,90000,720000
Kunthara Firgantoro,15000000,8,0.02,300000,2400000
Nyana Wacana,14000000,5,0.03,420000,2100000
Ulya Damayanti,7000000,7,0.02,140000,980000
Dimaz Hermawan,15000000,4,0.02,300000,1200000
Paiman Najmudin,17000000,6,0.01,170000,1020000
Karsa Nugroho,14000000,12,0.02,280000,3360000
Fara Nasyiah,10000000,4,0.01,100000,400000
Raina Mayasari,7000000,6,0.02,140000,840000
Nyoman Herlambang,19000000,7,0.01,190000,1330000
Hafshah Leilani,5000000,6,0.03,150000,900000
Kuncara Saputra,18000000,11,0.02,360000,3960000
Bagya Hutasoit,18000000,4,0.03,540000,2160000
Tania Mardhiyah,8000000,8,0.02,160000,1280000
Gading Yudhistira,19000000,7,0.01,190000,1330000
Yuliana Hasanah,5000000,6,0.02,100000,600000
Mahesa Winarno,16000000,12,0.03,480000,5760000
Ciaobella Mardhiyah,10000000,9,0.02,200000,1800000
Kenzie Hutapea,17000000,12,0.02,340000,4080000
Prayitna Wibowo,16000000,5,0.01,160000,800000
Murti Purnawarman,11000000,8,0.02,220000,1760000
Sakura Nasyiah,9000000,9,0.01,90000,810000
Ibrani Maryadi,15000000,7,0.02,300000,2100000
Melinda Laksmiwati,9000000,12,0.01,90000,1080000
Restu Nasyidah,7000000,12,0.03,210000,2520000
Darimin Mahendra,14000000,9,0.02,280000,2520000
Safira Aurelia,9000000,11,0.03,270000,2970000
Paramita Maharani,9000000,3,0.02,180000,540000
Mulya Rayhan,19000000,5,0.01,190000,950000
Vero Yanuar,17000000,11,0.02,340000,3740000
Cawisadi Hutasoit,20000000,3,0.03,600000,1800000
Galiono Hutasoit,15000000,6,0.02,300000,1800000
Wasis Firmansyah,20000000,4,0.02,400000,1600000
Garan Hidayat,19000000,10,0.01,190000,1900000
Mariadi Sitompul,20000000,10,0.02,400000,4000000
Nasrullah Sirait,15000000,6,0.01,150000,900000
Febrina Prastuti,9000000,12,0.02,180000,2160000
Mumpuni Fabian,14000000,11,0.01,140000,1540000
Gara Hutapea,18000000,7,0.04,720000,5040000
Jamil Sihombing,18000000,3,0.02,360000,1080000
Darimin Salahudin,19000000,4,0.03,570000,2280000
Kadir Fabian,15000000,10,0.04,600000,6000000
Chandra Kusumo,12000000,12,0.01,120000,1440000
Bakidin Mahardika,19000000,11,0.02,380000,4180000
Wisnu Arifin,11000000,8,0.03,330000,2640000
Icha Usada,7000000,8,0.01,70000,560000
Ivan Hutasoit,10000000,8,0.03,300000,2400000
Aris Tamba,11000000,4,0.02,220000,880000
Yance Putri,9000000,5,0.01,90000,450000
Respati Kuswoyo,15000000,8,0.04,600000,4800000
Oman Agustian,16000000,5,0.01,160000,800000
Galih Hardiansyah,16000000,3,0.03,480000,1440000
Cawuk Halim,12000000,10,0.02,240000,2400000
Nimas Mayasari,5000000,12,0.01,50000,600000
Dwi Natsir,20000000,11,0.02,400000,4400000
Rafi Ardianto,18000000,8,0.03,540000,4320000
Karen Winarsih,9000000,8,0.02,180000,1440000
Aisyah Mayasari,8000000,9,0.02,160000,1440000
Hasim Fabian,12000000,3,0.01,120000,360000
Zulfa Amanta,7000000,7,0.02,140000,980000
Mustika Handoko,10000000,11,0.01,100000,1100000
Hani Mardhiyah,10000000,10,0.02,200000,2000000
Ridwan Yudhistira,19000000,7,0.01,190000,1330000
Oskar Simanjuntak,11000000,8,0.04,440000,3520000
Purwa Damanik,20000000,8,0.02,400000,3200000
Cahyono Setiawan,18000000,8,0.03,540000,4320000
Asirwada Fabian,17000000,6,0.04,680000,4080000
Banawa Kusumo,19000000,12,0.01,190000,2280000
Umay Suwarno,18000000,8,0.02,360000,2880000
Nasim Mandala,11000000,4,0.03,330000,1320000
Rama Saptono,17000000,4,0.01,170000,680000
Saiful Mandala,16000000,6,0.03,480000,2880000
Tedi Rayhan,12000000,10,0.02,240000,2400000
Jaswadi Pradipta,18000000,7,0.01,180000,1260000
Galiono Hidayat,20000000,4,0.04,800000,3200000
Fitri Kusuma,7000000,4,0.01,70000,280000
Karma Mansur,15000000,9,0.03,450000,4050000
Gamanto Nugroho,12000000,10,0.02,240000,2400000
Cahyo Rahardian,15000000,4,0.01,150000,600000
Mila Nurdiyanti,9000000,9,0.02,180000,1620000
Zaenab Azizah,6000000,4,0.03,180000,720000
Gatra Zulkarnain,11000000,11,0.02,220000,2420000
Ibrani Hidayat,17000000,4,0.02,340000,1360000
Emil Nashiruddin,11000000,12,0.01,110000,1320000
Wasis Hermawan,11000000,11,0.02,220000,2420000
Heryanto Habibi,11000000,3,0.01,110000,330000
Rusman Prakasa,15000000,7,0.02,300000,2100000
Eva Mayasari,8000000,3,0.01,80000,240000
Luis Thamrin,17000000,10,0.04,680000,6800000
Dodo Bagaskara,20000000,8,0.02,400000,3200000
Adika Prasetyo,10000000,8,0.03,300000,2400000
Darmaji Yudhistira,14000000,10,0.04,560000,5600000
Lestari Saraswati,7000000,10,0.01,70000,700000
Garda Marpaung,20000000,3,0.02,400000,1200000
Asirwanda Budiyanto,20000000,7,0.03,600000,4200000
Zulfa Palastri,7000000,12,0.01,70000,840000
Dalimin Hidayat,11000000,5,0.03,330000,1650000
Tasdik Nugroho,14000000,9,0.02,280000,2520000
Wira Najmudin,14000000,9,0.01,140000,1260000
Asman Prasetya,12000000,4,0.04,480000,1920000
Limar Budiyanto,17000000,3,0.03,510000,1530000
Darmana Bagaskara,18000000,6,0.02,360000,2160000
Adika Sihombing,10000000,7,0.03,300000,2100000
Oni Pertiwi,5000000,10,0.02,100000,1000000
Maryanto Prakasa,20000000,3,0.01,200000,600000
Puspa Handayani,6000000,8,0.02,120000,960000
Pandu Pratama,19000000,5,0.03,570000,2850000
Kemal Wahyudin,16000000,9,0.02,320000,2880000
Zalindra Nasyiah,9000000,6,0.02,180000,1080000
Nasim Wicaksono,14000000,10,0.01,140000,1400000
Karna Alamsyah,20000000,4,0.02,400000,1600000
Jagaraga Mangunsong,18000000,3,0.01,180000,540000
Dadi Rendra,11000000,10,0.02,220000,2200000
Asirwanda Mahendra,11000000,9,0.01,110000,990000
Lestari Nasyiah,10000000,3,0.03,300000,900000
Mila Aryanti,8000000,11,0.02,160000,1760000
Gilda Pertiwi,5000000,8,0.03,150000,1200000
Garda Suryono,16000000,4,0.02,320000,1280000
Caturangga Yudhistira,11000000,6,0.01,110000,660000
Lestari Haryanti,5000000,11,0.02,100000,1100000
Latika Maryati,8000000,10,0.03,240000,2400000
Tantri Harini,7000000,5,0.02,140000,700000
Wawan Faresta,18000000,12,0.02,360000,4320000
Mahesa Simbolon,11000000,12,0.01,110000,1320000
Bella Fathina,5000000,8,0.02,100000,800000
Kartika Yolanda,10000000,5,0.01,100000,500000
Aswani Tampubolon,19000000,7,0.02,380000,2660000
Balidin Megantara,15000000,7,0.01,150000,1050000
Jatmiko Hermawan,20000000,4,0.03,600000,2400000
Paramita Mardhiyah,7000000,4,0.02,140000,560000
Lala Aurelia,9000000,3,0.03,270000,810000
Hilda Yulianti,8000000,10,0.02,160000,1600000
Bakiman Wibisono,17000000,10,0.01,170000,1700000
Jamil Wijaya,11000000,7,0.02,220000,1540000
Almira Yolanda,7000000,8,0.03,210000,1680000
Nalar Mansur,16000000,11,0.02,320000,3520000
Tri Siregar,20000000,10,0.02,400000,4000000
Jefri Marbun,20000000,12,0.01,200000,2400000
Hendra Supriyanto,16000000,9,0.02,320000,2880000
Jaya Sabian,18000000,3,0.01,180000,540000
Lamar Syahreza,15000000,11,0.02,300000,3300000
Eka Azzahra,9000000,11,0.01,90000,990000
Mila Purwanti,7000000,3,0.03,210000,630000
Nalar Wijaya,14000000,10,0.02,280000,2800000
Maida Kuswandari,9000000,11,0.03,270000,2970000
Marwata Siregar,16000000,7,0.02,320000,2240000
Cahyono Hidayat,14000000,7,0.01,140000,980000
Calista Puspasari,8000000,5,0.02,160000,800000
Wulandari Anjani,8000000,10,0.03,240000,2400000
Pratiwi Laksita,6000000,11,0.02,120000,1320000
Candra Syahreza,15000000,3,0.02,300000,900000
Oman Mahendra,11000000,9,0.01,110000,990000
Asmadi Fabian,19000000,9,0.02,380000,3420000
Pranata Santoso,20000000,5,0.01,200000,1000000
Cecep Kusumo,10000000,9,0.02,200000,1800000
Tira Rahimah,10000000,6,0.01,100000,600000
Sartika Aurelia,8000000,4,0.04,320000,1280000
Hendra Pratama,11000000,5,0.02,220000,1100000
Lestari Hassanah,5000000,6,0.03,150000,900000
Wardaya Wibowo,12000000,11,0.04,480000,5280000
Cakrawangsa Kurniawan,10000000,9,0.01,100000,900000
Bahuraksa Haikal,16000000,12,0.02,320000,3840000
Ganda Sihombing,12000000,6,0.03,360000,2160000
Empluk Airlangga,12000000,3,0.01,120000,360000
Nugraha Sihotang,20000000,5,0.03,600000,3000000
Ajeng Mahestri,7000000,6,0.02,140000,840000
Carla Fernanda,8000000,8,0.01,80000,640000
Zahra Yuniar,10000000,6,0.04,400000,2400000
Dodo Pradana,18000000,12,0.01,180000,2160000
Surya Saputra,16000000,11,0.03,480000,5280000
Maras Sirait,16000000,6,0.02,320000,1920000
Oskar Gunawan,14000000,8,0.01,140000,1120000
Kurnia Saptono,18000000,8,0.02,360000,2880000
Silvia Handayani,9000000,12,0.03,270000,3240000
Kasiran Wijaya,16000000,3,0.02,320000,960000
Wira Prabowo,14000000,3,0.02,280000,840000
Manah Hutasoit,11000000,11,0.01,110000,1210000
Vino Hutasoit,15000000,10,0.02,300000,3000000
Raden Sitorus,15000000,7,0.01,150000,1050000
Jaeman Wibowo,18000000,9,0.02,360000,3240000
Aswani Prayoga,17000000,11,0.01,170000,1870000
Galiono Purnawarman,16000000,8,0.04,640000,5120000
Ratih Suartini,10000000,6,0.02,200000,1200000
Cinta Hartati,5000000,10,0.03,150000,1500000
Banawi Arifin,11000000,9,0.04,440000,3960000
Candra Nashiruddin,19000000,4,0.01,190000,760000
Febi Maryati,8000000,7,0.02,160000,1120000
Laswi Irawan,11000000,10,0.03,330000,3300000
Nabila Puspasari,8000000,4,0.01,80000,320000
Ana Yuliarti,5000000,11,0.03,150000,1650000
Rahayu Mandasari,9000000,5,0.02,180000,900000
Mahmud Iswahyudi,19000000,4,0.01,190000,760000
Vinsen Sudrajat,11000000,4,0.04,440000,1760000
Slamet Ahmad,15000000,12,0.01,150000,1800000
Azalea Hassanah,6000000,6,0.03,180000,1080000
Ilsa Melani,9000000,11,0.02,180000,1980000
Fitri Jelita,5000000,3,0.01,50000,150000
Hafshah Kusmawati,9000000,12,0.02,180000,2160000
Cici Anggraini,9000000,9,0.03,270000,2430000
Edward Januar,18000000,11,0.02,360000,3960000
Garang Siregar,17000000,10,0.02,340000,3400000
Puput Fujiati,8000000,7,0.01,80000,560000
Puji Afifah,8000000,8,0.02,160000,1280000
Reza Irawan,16000000,9,0.01,160000,1440000
Tri Suwarno,12000000,9,0.02,240000,2160000
Balangga Herlambang,15000000,7,0.01,150000,1050000
Purwanto Nababan,11000000,12,0.04,440000,5280000
Wirda Rahimah,6000000,3,0.02,120000,360000
Martana Hermawan,17000000,8,0.03,510000,4080000
Prayogo Rajasa,12000000,10,0.04,480000,4800000
Darimin Samosir,19000000,6,0.01,190000,1140000
Cemeti Haikal,12000000,10,0.02,240000,2400000
Heryanto Manullang,19000000,9,0.03,570000,5130000
Ida Aryani,7000000,11,0.01,70000,770000
Jaya Adhitama,12000000,5,0.03,360000,1800000
Taswir Mahendra,15000000,8,0.02,300000,2400000
Nasab Sabian,14000000,8,0.01,140000,1120000
Setya Januar,19000000,7,0.04,760000,5320000
Darmaji Tarihoran,17000000,8,0.03,510000,4080000
Jagapati Airlangga,17000000,3,0.02,340000,1020000
Gatot Utama,15000000,3,0.03,450000,1350000
Dimas Adriansyah,14000000,4,0.02,280000,1120000
Queen Ananda,5000000,3,0.01,50000,150000
Safira Yolanda,7000000,4,0.02,140000,560000
Prabowo Febian,15000000,3,0.03,450000,1350000
Prasetya Marpaung,16000000,7,0.02,320000,2240000
Artawan Firgantoro,15000000,12,0.02,300000,3600000
Purwadi Hutasoit,11000000,8,0.01,110000,880000
Prayitna Tarihoran,20000000,5,0.02,400000,2000000
Kartika Kuswandari,8000000,12,0.01,80000,960000
Novi Safitri,8000000,9,0.02,160000,1440000
Cornelia Hassanah,10000000,8,0.01,100000,800000
Ega Budiyanto,15000000,12,0.03,450000,5400000
Dinda Fathina,5000000,11,0.02,100000,1100000
Asman Rayhan,19000000,10,0.03,570000,5700000
Hendri Marbun,11000000,9,0.02,220000,1980000
Kamila Rahmawati,10000000,8,0.01,100000,800000
Salimah Azzahra,9000000,4,0.02,180000,720000
Rudi Mahardika,20000000,5,0.03,600000,3000000
Dyah Hariyah,8000000,6,0.02,160000,960000
Jail Wibowo,17000000,8,0.02,340000,2720000
Gabriella Widiastuti,6000000,8,0.01,60000,480000
Unjani Melinda,7000000,11,0.02,140000,1540000
Hartaka Lesmana,16000000,4,0.01,160000,640000
Pardi Maulana,20000000,11,0.02,400000,4400000
Tri Afifah,9000000,6,0.01,90000,540000
Yani Harini,7000000,5,0.03,210000,1050000
Agustina Pratiwi,7000000,7,0.02,140000,980000
Nyana Rajata,11000000,4,0.03,330000,1320000
Labuh Natsir,15000000,12,0.02,300000,3600000
Dipa Suwarno,14000000,4,0.01,140000,560000
Maryadi Januar,17000000,8,0.02,340000,2720000
Lulut Yulianto,12000000,8,0.03,360000,2880000
Kamal Gunawan,11000000,6,0.02,220000,1320000
Cahyono Wasita,12000000,6,0.02,240000,1440000
Marsudi Saptono,16000000,7,0.01,160000,1120000
Iriana Aurelia,7000000,11,0.02,140000,1540000
Oman Handoko,18000000,10,0.01,180000,1800000
Gilang Prasetyo,20000000,3,0.02,400000,1200000
Balangga Natsir,19000000,9,0.01,190000,1710000
Nada Riyanti,6000000,6,0.03,180000,1080000
Karna Halim,18000000,12,0.02,360000,4320000
Sherly Saputri,7000000,11,0.03,210000,2310000
Bakiono Wibisono,20000000,8,0.02,400000,3200000
Ilyas Samosir,16000000,12,0.01,160000,1920000
Ani Ningrum,7000000,12,0.02,140000,1680000
Cemeti Darmawan,16000000,9,0.03,480000,4320000
Tami Salsabilla,10000000,5,0.02,200000,1000000
Rahmat Darojat,20000000,4,0.02,400000,1600000
Mila Palastri,8000000,10,0.01,80000,800000
Fathonah Maharani,5000000,7,0.02,100000,700000
Maida Rahimah,5000000,8,0.01,50000,400000
Nova Wastuti,7000000,8,0.02,140000,1120000
Padma Purnawati,10000000,8,0.01,100000,800000
Diana Andriani,8000000,8,0.04,320000,2560000
Tsabita Ningrum,7000000,8,0.02,140000,1120000
Warji Purnama,15000000,6,0.03,450000,2700000
Elon Mangunsong,16000000,5,0.04,640000,3200000
Prakosa Nugroho,16000000,8,0.01,160000,1280000
Bakiman Darojat,11000000,7,0.02,220000,1540000
Mursita Pranowo,16000000,12,0.03,480000,5760000
Cagak Sirait,17000000,3,0.01,170000,510000
Eluh Purnama,16000000,5,0.03,480000,2400000
Banawa Hutapea,18000000,12,0.02,360000,4320000
Lutfan Narpati,19000000,7,0.01,190000,1330000
Cakrabirawa Hutapea,19000000,8,0.04,760000,6080000
Eman Hardiansyah,19000000,9,0.01,190000,1710000
Cahya Simanjuntak,20000000,3,0.03,600000,1800000
Uchita Andini,9000000,12,0.02,180000,2160000
Jagapati Ahmad,15000000,7,0.01,150000,1050000
Prayogo Thamrin,15000000,3,0.02,300000,900000
Naura Nuraini,8000000,8,0.03,240000,1920000
Sasha Saputri,10000000,7,0.02,200000,1400000
Rahayu Afifah,7000000,11,0.02,140000,1540000
Kasusra Adhitama,14000000,8,0.01,140000,1120000
Yoga Firmansyah,18000000,5,0.02,360000,1800000
Upik Widodo,17000000,11,0.01,170000,1870000
Wardi Sudrajat,14000000,8,0.02,280000,2240000
Dadap Haikal,19000000,7,0.01,190000,1330000
Daliono Oktavian,12000000,10,0.04,480000,4800000
Almira Maheswari,6000000,12,0.02,120000,1440000
Jaga Ahmad,15000000,11,0.03,450000,4950000
Indra Arifin,12000000,4,0.04,480000,1920000
Kasiyah Palastri,8000000,3,0.01,80000,240000
Oskar Ardianto,12000000,5,0.02,240000,1200000
Mulyono Suwarno,18000000,6,0.03,540000,3240000
Purwanto Suryono,19000000,9,0.01,190000,1710000
Tri Juwita,6000000,3,0.03,180000,540000
Eman Suryono,18000000,4,0.02,360000,1440000
Catur Prabowo,16000000,11,0.01,160000,1760000
Almira Hasanah,9000000,11,0.04,360000,3960000
Rina Anandya,10000000,12,0.01,100000,1200000
Jasmin Puspita,7000000,6,0.03,210000,1260000
Imam Budiyanto,19000000,9,0.02,380000,3420000
Jagapati Rayhan,19000000,5,0.01,190000,950000
Gaman Herlambang,16000000,12,0.02,320000,3840000
Pandu Samosir,11000000,9,0.03,330000,2970000
Jarwi Pradipta,14000000,7,0.02,280000,1960000
Gawati Leilani,7000000,12,0.02,140000,1680000
Ajiman Waluyo,17000000,10,0.01,170000,1700000
Nasim Bagaskara,10000000,5,0.02,200000,1000000
Kemba Bagaskara,16000000,3,0.01,160000,480000
Aulia Agustina,5000000,4,0.02,100000,400000
Raisa Puspita,9000000,7,0.01,90000,630000
Harsanto Lesmana,12000000,12,0.04,480000,5760000
Tari Zulaika,8000000,8,0.02,160000,1280000
Sari Ananda,5000000,5,0.03,150000,750000
Ifa Laksita,5000000,7,0.04,200000,1400000
Cecep Perdana,11000000,9,0.01,110000,990000
Among Nugroho,12000000,6,0.02,240000,1440000
Elon Perdana,20000000,8,0.03,600000,4800000
Hardi Damanik,19000000,7,0.01,190000,1330000
Harsanto Ardana,10000000,4,0.03,300000,1200000
Amelia Wulandari,9000000,11,0.02,180000,1980000
Mustofa Gunarto,20000000,8,0.01,200000,1600000
Aulia Wahyuni,7000000,3,0.04,280000,840000
Diah Salsabilla,7000000,5,0.03,210000,1050000
Karna Herlambang,12000000,6,0.02,240000,1440000
Irwan Adriansyah,19000000,6,0.03,570000,3420000
Makuta Oktavian,14000000,5,0.02,280000,1400000
Anggun Nurdiyanti,9000000,6,0.01,90000,540000
Ikin Sirait,18000000,11,0.02,360000,3960000
Michelle Ningrum,9000000,7,0.03,270000,1890000
Bakiono Saputra,16000000,11,0.02,320000,3520000
Hasna Kusmawati,9000000,6,0.02,180000,1080000
Vanya Zulaika,5000000,6,0.01,50000,300000
Galak Ahmad,16000000,9,0.02,320000,2880000
Prayoga Wardana,17000000,3,0.01,170000,510000
Candrakanta Mandala,16000000,6,0.02,320000,1920000
Aurora Melani,8000000,3,0.01,80000,240000
Jinawi Hidayat,11000000,7,0.03,330000,2310000
Rini Jelita,9000000,12,0.02,180000,2160000
Hendra Maryadi,17000000,6,0.03,510000,3060000
Safira Kusmawati,9000000,7,0.02,180000,1260000
Aslijan Maulana,14000000,12,0.01,140000,1680000
Silvia Haryanti,5000000,10,0.02,100000,1000000
Warji Perdana,15000000,4,0.03,450000,1800000
Pia Purnama,10000000,11,0.02,200000,2200000
Dagel Gunarto,17000000,11,0.02,340000,3740000
Margana Habibi,18000000,11,0.01,180000,1980000
Hasan Latupono,17000000,11,0.02,340000,3740000
Restu Purwanti,5000000,4,0.01,50000,200000
Dadi Arifin,18000000,6,0.02,360000,2160000
Prasetya Tampubolon,19000000,9,0.01,190000,1710000
Darmana Agustian,19000000,8,0.03,570000,4560000
Padma Zahrah,8000000,9,0.02,160000,1440000
Lanang Hardiansyah,20000000,10,0.03,600000,6000000
Raihan Hutagalung,14000000,3,0.02,280000,840000
Jasmani Salahudin,20000000,9,0.01,200000,1800000
Cengkir Febian,16000000,11,0.02,320000,3520000
Empluk Wibowo,12000000,11,0.03,360000,3960000
Rafi Putra,20000000,8,0.02,400000,3200000
Ozy Ardana,15000000,9,0.02,300000,2700000
Ajiman Habibi,12000000,12,0.01,120000,1440000
Uli Yulianti,7000000,3,0.02,140000,420000
Utama Antoni,14000000,10,0.01,140000,1400000
Harjo Pangestu,20000000,7,0.02,400000,2800000
Mulya Febian,20000000,3,0.01,200000,600000
Wira Prasetyo,17000000,3,0.03,510000,1530000
Wulandari Saputri,9000000,5,0.02,180000,900000
Gadis Maryati,7000000,5,0.03,210000,1050000
Sakura Novitasari,5000000,8,0.02,100000,800000
Widya Laksmiwati,7000000,5,0.01,70000,350000
Mustika Wardana,12000000,8,0.02,240000,1920000
Anggabaya Saputra,18000000,12,0.03,540000,6480000
Adinata Simbolon,17000000,11,0.02,340000,3740000
Raditya Antoni,12000000,11,0.02,240000,2640000
Zalindra Hassanah,9000000,6,0.01,90000,540000
Cakrawangsa Maryadi,10000000,9,0.02,200000,1800000
Tasdik Budiyanto,17000000,9,0.01,170000,1530000
Niyaga Megantara,11000000,11,0.02,220000,2420000
Daliono Nugroho,20000000,4,0.01,200000,800000
Mursita Rendra,18000000,5,0.04,720000,3600000
Teddy Haikal,14000000,6,0.02,280000,1680000
Yuliana Purnama,5000000,6,0.03,150000,900000
Raina Laksmiwati,5000000,11,0.04,200000,2200000
Paramita Kusmawati,8000000,7,0.01,80000,560000
Dasa Saefullah,10000000,7,0.02,200000,1400000
Leo Firgantoro,15000000,7,0.03,450000,3150000
Ganda Hakim,20000000,4,0.01,200000,800000
Catur Situmorang,12000000,10,0.03,360000,3600000
Usyi Saraswati,7000000,11,0.02,140000,1540000
Ivan Anggriawan,12000000,7,0.01,120000,840000
Hesti Uyainah,10000000,7,0.04,400000,2800000
Nova Wastuti,7000000,3,0.01,70000,210000
Joko Yudhistira,17000000,12,0.03,510000,6120000
Zulfa Kusuma,8000000,7,0.02,160000,1120000
Mustofa Nugraha,20000000,11,0.01,200000,2200000
Nasim Prasetya,12000000,10,0.02,240000,2400000
Paramita Lailasari,8000000,5,0.03,240000,1200000
Eva Rahimah,5000000,12,0.02,100000,1200000
Endra Situmorang,20000000,10,0.02,400000,4000000
Galiono Antoni,16000000,3,0.01,160000,480000
Wardaya Pradana,19000000,3,0.02,380000,1140000
Galur Adhitama,14000000,5,0.01,140000,700000
Danuja Sirait,16000000,3,0.02,320000,960000
Rachel Afifah,7000000,8,0.01,70000,560000
Garan Siregar,11000000,6,0.04,440000,2640000
Warji Sitompul,12000000,10,0.02,240000,2400000
Rafi Prakasa,18000000,9,0.03,540000,4860000
Caraka Syahreza,16000000,9,0.04,640000,5760000
Lutfan Santoso,14000000,4,0.01,140000,560000
Bakti Sudrajat,15000000,8,0.02,300000,2400000
Ikhsan Wardana,18000000,9,0.03,540000,4860000
Bahuwarna Pranowo,16000000,9,0.01,160000,1440000
Mustofa Alamsyah,11000000,10,0.03,330000,3300000
Dono Saefullah,18000000,12,0.02,360000,4320000
Galiono Wasita,20000000,11,0.01,200000,2200000
Digdaya Simanjuntak,16000000,6,0.04,640000,3840000
Mutia Handayani,9000000,5,0.01,90000,450000
Raden Wicaksono,15000000,3,0.03,450000,1350000
Ajimat Iswahyudi,19000000,5,0.02,380000,1900000
Gibran Anggriawan,15000000,9,0.01,150000,1350000
Samsul Thamrin,20000000,12,0.02,400000,4800000
Prita Laksmiwati,7000000,12,0.03,210000,2520000
Devi Rahmawati,10000000,10,0.02,200000,2000000
Cinthia Fathina,5000000,6,0.02,100000,600000
Genta Ningrum,7000000,5,0.01,70000,350000
Tantri Halimah,9000000,6,0.02,180000,1080000
Warji Haikal,11000000,11,0.01,110000,1210000
Ridwan Maulana,11000000,3,0.02,220000,660000
Paramita Nurlaela,7000000,3,0.01,70000,210000
Enteng Oktavian,16000000,5,0.04,640000,3200000
Aslijan Maulana,17000000,9,0.02,340000,3060000
Cemeti Budiyanto,12000000,7,0.03,360000,2520000
Rafi Anggriawan,11000000,3,0.04,440000,1320000
Gara Faresta,19000000,6,0.01,190000,1140000
Prasetya Napitupulu,16000000,7,0.02,320000,2240000
Limar Hutagalung,20000000,4,0.03,600000,2400000
Luhung Hidayanto,15000000,6,0.01,150000,900000
Dewi Fujiati,8000000,8,0.03,240000,1920000
Bagus Yanuar,18000000,10,0.02,360000,3600000
Tantri Purnama,10000000,11,0.01,100000,1100000
Fitriani Zahrah,9000000,4,0.04,360000,1440000
Elvin Purnama,20000000,3,0.03,600000,1800000
Pardi Perdana,10000000,4,0.02,200000,800000
Danu Hidayanto,14000000,12,0.03,420000,5040000
Jatmiko Adhitama,15000000,12,0.02,300000,3600000
Jaswadi Tampubolon,11000000,10,0.01,110000,1100000
Gadis Azizah,10000000,10,0.02,200000,2000000
Teguh Irfandi,18000000,7,0.03,540000,3780000
Ghaliyati Lailasari,8000000,5,0.02,160000,800000
Safina Puspasari,9000000,7,0.02,180000,1260000
Eko Herlambang,17000000,7,0.01,170000,1190000
Karsana Gunarto,17000000,6,0.02,340000,2040000
Chelsea Mustika,8000000,3,0.01,80000,240000
Rahayu Fathina,8000000,6,0.02,160000,960000
Kawaca Wacana,20000000,8,0.01,200000,1600000
Estiono Mustofa,14000000,3,0.03,420000,1260000
Kariman Haikal,15000000,11,0.02,300000,3300000
Yoga Oktavian,19000000,10,0.03,570000,5700000
Rita Aryanti,9000000,4,0.02,180000,720000
Mala Yuniar,5000000,4,0.01,50000,200000
Vino Saefullah,19000000,9,0.02,380000,3420000
Kawaca Situmorang,11000000,6,0.03,330000,1980000
Ivan Satria,20000000,10,0.02,400000,4000000
Zelaya Nurlaela,8000000,3,0.02,160000,480000
Marsito Irawan,14000000,12,0.01,140000,1680000
Reksa Hidayat,17000000,3,0.02,340000,1020000
Vino Adhitama,18000000,11,0.01,180000,1980000
Ghaliyati Winarsih,9000000,10,0.02,180000,1800000
Vanesa Andini,10000000,11,0.01,100000,1100000
Harja Prayoga,20000000,8,0.03,600000,4800000
Jinawi Sudrajat,18000000,12,0.02,360000,4320000
Citra Rachmawati,8000000,9,0.03,240000,2160000
Almira Febrianti,9000000,10,0.02,180000,1800000
Opung Wardana,18000000,7,0.01,180000,1260000
Maras Sinaga,14000000,6,0.02,280000,1680000
Jaswadi Anggriawan,17000000,8,0.03,510000,4080000
Gilang Pranowo,15000000,9,0.02,300000,2700000
Makara Pranowo,15000000,4,0.02,300000,1200000
Empluk Rayhan,14000000,4,0.01,140000,560000
Praba Syahreza,11000000,5,0.02,220000,1100000
Waluyo Fabian,19000000,11,0.01,190000,2090000
Hadi Herlambang,12000000,8,0.02,240000,1920000
Raden Maulana,16000000,4,0.01,160000,640000
Vania Puspita,8000000,5,0.03,240000,1200000
Candrakanta Putra,11000000,9,0.02,220000,1980000
Viktor Wasita,14000000,12,0.03,420000,5040000
Upik Gunarto,14000000,10,0.02,280000,2800000
Sabrina Mulyani,6000000,11,0.01,60000,660000
Halima Melinda,8000000,10,0.02,160000,1600000
Sintia Maharani,9000000,3,0.03,270000,810000
Anita Mulyani,10000000,11,0.02,200000,2200000
Indah Wulandari,9000000,3,0.02,180000,540000
Edi Nugraha,11000000,5,0.01,110000,550000
Kasusra Januar,16000000,11,0.02,320000,3520000
Zaenab Mulyani,9000000,7,0.01,90000,630000
Ajiono Sitorus,17000000,9,0.02,340000,3060000
Putri Novitasari,8000000,8,0.01,80000,640000
Rafi Lesmana,12000000,5,0.04,480000,2400000
Wulan Hassanah,5000000,3,0.02,100000,300000
Ani Sudiati,5000000,6,0.03,150000,900000
Paramita Zahrah,7000000,9,0.04,280000,2520000
Nur Usada,8000000,8,0.01,80000,640000
Among Kurniawan,17000000,3,0.02,340000,1020000
Almira Aryanti,9000000,9,0.03,270000,2430000
Septi Andini,7000000,10,0.01,70000,700000
Damu Kuswoyo,11000000,4,0.03,330000,1320000
Karta Rendra,12000000,11,0.02,240000,2640000
Sherly Purwanti,9000000,5,0.01,90000,450000
Nabila Utami,10000000,11,0.04,400000,4400000
Omar Pradana,12000000,5,0.01,120000,600000
Paiman Syahreza,18000000,11,0.03,540000,5940000
Naura Lailasari,9000000,9,0.02,180000,1620000
Maras Arifin,12000000,9,0.01,120000,1080000
Bahuwirya Hutasoit,14000000,8,0.02,280000,2240000
Artawan Pradipta,16000000,9,0.03,480000,4320000
Galur Utama,17000000,7,0.02,340000,2380000
Prayoga Oktovian,12000000,6,0.02,240000,1440000
Wisnu Jailani,16000000,3,0.01,160000,480000
Limar Siregar,14000000,6,0.02,280000,1680000
Margana Abiputra,11000000,10,0.01,110000,1100000
Pangeran Sitompul,19000000,5,0.02,380000,1900000
Ratna Damayanti,8000000,9,0.01,80000,720000
Dodo Marbun,11000000,10,0.04,440000,4400000
Damar Mangunsong,17000000,4,0.02,340000,1360000
Dono Dirgantara,19000000,10,0.03,570000,5700000
Gabriella Hastuti,9000000,6,0.04,360000,2160000
Xanana Najmudin,17000000,5,0.01,170000,850000
Margana Wibisono,16000000,9,0.02,320000,2880000
Tania Rahimah,9000000,12,0.03,270000,3240000
Maryadi Siregar,12000000,4,0.01,120000,480000
Balidin Nainggolan,16000000,10,0.03,480000,4800000
Taswir Haryanto,19000000,5,0.02,380000,1900000
Intan Leilani,8000000,12,0.01,80000,960000
Rina Usamah,7000000,9,0.04,280000,2520000
Kezia Leilani,8000000,8,0.01,80000,640000
Cemani Irawan,11000000,7,0.03,330000,2310000
Bakiman Nugraha,18000000,8,0.02,360000,2880000
Ratna Kusmawati,5000000,5,0.01,50000,250000
Lukita Pradana,20000000,5,0.02,400000,2000000
Kartika Halimah,9000000,11,0.03,270000,2970000
Mulyanto Lazuardi,19000000,8,0.02,380000,3040000
Cahyo Damanik,12000000,4,0.02,240000,960000
Wadi Iswahyudi,16000000,9,0.01,160000,1440000
Asirwanda Jailani,15000000,6,0.02,300000,1800000
Jaiman Tarihoran,12000000,9,0.01,120000,1080000
Nada Elvina,8000000,4,0.02,160000,640000
Nardi Salahudin,14000000,4,0.01,140000,560000
Baktianto Sitompul,18000000,10,0.04,720000,7200000
Hilda Salma,9000000,8,0.02,180000,1440000
Najam Saputra,18000000,10,0.03,540000,5400000
Vino Habibi,14000000,10,0.04,560000,5600000
Almira Puspasari,10000000,4,0.01,100000,400000
Raihan Budiyanto,18000000,12,0.02,360000,4320000
Maryadi Simanjuntak,16000000,11,0.03,480000,5280000
Anita Nurlaela,9000000,8,0.01,90000,720000
Gamanto Herlambang,18000000,11,0.03,540000,5940000
Sabri Ardana,19000000,9,0.02,380000,3420000
Yono Bagaskara,14000000,3,0.01,140000,420000
Nilam Hassanah,7000000,6,0.04,280000,1680000
Gantar Saptono,20000000,7,0.03,600000,4200000
Candrakanta Firmansyah,18000000,7,0.02,360000,2520000
Adikara Budiman,19000000,6,0.03,570000,3420000
Taufik Rahardian,15000000,4,0.02,300000,1200000
Darmaji Hidayanto,15000000,10,0.01,150000,1500000
Banawa Suwarno,16000000,10,0.02,320000,3200000
Gadis Puspita,10000000,7,0.03,300000,2100000
Bajragin Situmorang,20000000,7,0.02,400000,2800000
Yulia Nathania,10000000,10,0.02,200000,2000000
Kemal Pranowo,16000000,3,0.01,160000,480000
Jagaraga Anggriawan,14000000,9,0.02,280000,2520000
Sidiq Hutagalung,11000000,12,0.01,110000,1320000
Gadang Arifin,15000000,4,0.02,300000,1200000
Wasis Sihombing,11000000,12,0.01,110000,1320000
Mahmud Waskita,15000000,12,0.03,450000,5400000
Ifa Farida,8000000,4,0.02,160000,640000
Padma Hariyah,7000000,8,0.03,210000,1680000
Karna Purwadi,19000000,7,0.02,380000,2660000
Ani Halimah,6000000,3,0.01,60000,180000
Naradi Dirgantara,17000000,6,0.02,340000,2040000
Umi Zahrah,7000000,12,0.03,210000,2520000
Sabrina Saraswati,6000000,12,0.02,120000,1440000
Hari Simanjuntak,12000000,7,0.02,240000,1680000
Langgeng Ramadan,19000000,3,0.01,190000,570000
Raditya Abimanyu,19000000,3,0.02,380000,1140000
Faizah Purnama,5000000,4,0.01,50000,200000
Ghaliyati Hasanah,9000000,11,0.02,180000,1980000
Rahmawati Jelita,5000000,9,0.01,50000,450000
Gara Setiawan,19000000,4,0.03,570000,2280000
Hana Yuniar,8000000,4,0.02,160000,640000
Tina Puspasari,7000000,4,0.03,210000,840000
Tari Namaga,8000000,8,0.02,160000,1280000
Alambana Nanda,15000000,10,0.01,150000,1500000
Mahesa Nainggolan,10000000,5,0.02,200000,1000000
Sartika Purwanti,6000000,3,0.03,180000,540000
Hari Hidayat,16000000,9,0.02,320000,2880000
Vania Hasanah,7000000,8,0.02,140000,1120000
Among Simbolon,17000000,7,0.01,170000,1190000
Raharja Gunawan,15000000,5,0.02,300000,1500000
Lasmanto Hutapea,20000000,7,0.01,200000,1400000
Himawan Natsir,19000000,7,0.02,380000,2660000
Lantar Sitorus,12000000,12,0.01,120000,1440000
Harimurti Nashiruddin,18000000,4,0.03,540000,2160000
Embuh Wardana,10000000,3,0.02,200000,600000
Novi Halimah,8000000,9,0.03,240000,2160000
Lembah Mansur,16000000,12,0.02,320000,3840000
Ifa Rahayu,5000000,9,0.01,50000,450000
Belinda Yuniar,10000000,11,0.02,200000,2200000
Paramita Fernanda,10000000,10,0.03,300000,3000000
Heru Syahreza,19000000,8,0.02,380000,3040000
Hafshah Amanta,5000000,10,0.02,100000,1000000
Daliman Tampubolon,11000000,10,0.01,110000,1100000
Darimin Narpati,16000000,6,0.02,320000,1920000
Kawaya Sihombing,14000000,9,0.01,140000,1260000
Maras Sudrajat,14000000,8,0.02,280000,2240000
Dadap Himawan,19000000,12,0.01,190000,2280000
Rahmi Lestari,7000000,6,0.04,280000,1680000
Mujur Yudhistira,18000000,4,0.02,360000,1440000
Farhunnisa Purnama,5000000,7,0.03,150000,1050000
Gatot Wacana,14000000,10,0.04,560000,5600000
Joko Nanda,15000000,12,0.01,150000,1800000
Jindra Mansur,11000000,12,0.02,220000,2640000
Irnanto Hakim,10000000,5,0.03,300000,1500000
Garang Antoni,11000000,10,0.01,110000,1100000
Jayeng Kurniawan,12000000,5,0.03,360000,1800000
Sarah Melani,10000000,10,0.02,200000,2000000
Vega Uwais,18000000,10,0.01,180000,1800000
Cindy Yolanda,8000000,10,0.04,320000,3200000
Asirwanda Waluyo,18000000,7,0.01,180000,1260000
Gilda Yolanda,9000000,7,0.03,270000,1890000
Raihan Saefullah,19000000,9,0.02,380000,3420000
Gangsa Pradana,11000000,6,0.01,110000,660000
Wadi Pradana,15000000,6,0.02,300000,1800000
Nabila Damayanti,7000000,5,0.03,210000,1050000
Gaiman Natsir,11000000,4,0.02,220000,880000
Laras Agustina,7000000,3,0.02,140000,420000
Kawaca Wacana,12000000,12,0.01,120000,1440000
Lanjar Himawan,17000000,8,0.02,340000,2720000
Rika Febrianti,8000000,4,0.01,80000,320000
Wardi Permadi,11000000,12,0.02,220000,2640000
Purwanto Handoko,10000000,8,0.01,100000,800000
Olivia Usamah,7000000,5,0.04,280000,1400000
Mutia Aryanti,9000000,3,0.02,180000,540000
Harimurti Sihotang,16000000,6,0.03,480000,2880000
Darijan Kusumo,16000000,10,0.04,640000,6400000
Panca Antoni,17000000,6,0.01,170000,1020000
Oskar Marbun,20000000,7,0.02,400000,2800000
Ina Palastri,5000000,5,0.03,150000,750000
Gandi Salahudin,14000000,11,0.01,140000,1540000
Cinta Andriani,9000000,5,0.03,270000,1350000
Bakianto Wacana,16000000,6,0.02,320000,1920000
Cecep Hutasoit,17000000,11,0.01,170000,1870000
Dono Aswandi,14000000,8,0.04,560000,4480000
Rosa Mardhiyah,6000000,5,0.01,60000,300000
Vega Abimanyu,15000000,8,0.03,450000,3600000
Nugraha Waskita,11000000,10,0.02,220000,2200000
Marwata Saragih,16000000,6,0.01,160000,960000
Ismail Sihombing,12000000,6,0.02,240000,1440000
Emin Uwais,16000000,11,0.03,480000,5280000
Garda Purwadi,19000000,11,0.02,380000,4180000
Bagas Nugraha,11000000,12,0.02,220000,2640000
Vanesa Aryani,10000000,3,0.01,100000,300000
Cengkal Megantara,17000000,11,0.02,340000,3740000
Diana Salsabilla,10000000,3,0.01,100000,300000
Gasti Nasyiah,6000000,12,0.02,120000,1440000
Rendy Wibowo,10000000,12,0.01,100000,1200000
Raina Juwita,9000000,5,0.04,360000,1800000
Halim Mansur,16000000,6,0.02,320000,1920000
Endra Febian,12000000,7,0.03,360000,2520000
Raisa Halimah,7000000,6,0.04,280000,1680000
Ratna Rahmawati,7000000,8,0.01,70000,560000
Rosalina Mayasari,5000000,11,0.02,100000,1100000
Opung Simanjuntak,16000000,12,0.03,480000,5760000
Indira Purnawati,7000000,5,0.01,70000,350000
Laras Oktaviani,9000000,6,0.03,270000,1620000
Langgeng Abimanyu,18000000,5,0.02,360000,1800000
Titin Saraswati,5000000,12,0.01,50000,600000
Anastasia Aurelia,10000000,4,0.04,400000,1600000
Yahya Saragih,12000000,11,0.03,360000,3960000
Ina Ananda,5000000,6,0.02,100000,600000
Gilang Adriansyah,19000000,5,0.03,570000,2850000
Estiawan Satria,17000000,5,0.02,340000,1700000
Gamanto Wacana,19000000,4,0.01,190000,760000
Danang Dirgantara,20000000,12,0.02,400000,4800000
Okto Wicaksono,19000000,5,0.03,570000,2850000
Harja Rahardian,16000000,8,0.02,320000,2560000
Kenzie Tarihoran,11000000,3,0.02,220000,660000
Ega Pradipta,18000000,8,0.01,180000,1440000
Narji Hidayanto,14000000,8,0.02,280000,2240000
Luwar Yanuar,16000000,10,0.01,160000,1600000
Erik Darmawan,14000000,9,0.02,280000,2520000
Raihan Marpaung,19000000,12,0.01,190000,2280000
Cakrawangsa Hutagalung,17000000,8,0.03,510000,4080000
Dono Purnama,14000000,4,0.02,280000,1120000
Muhammad Alamsyah,16000000,12,0.03,480000,5760000
Estiono Herlambang,17000000,11,0.02,340000,3740000
Daliman Maulana,16000000,10,0.01,160000,1600000
Kawaya Aswandi,11000000,4,0.02,220000,880000
Emas Maheswara,20000000,7,0.03,600000,4200000
Kuncara Salahudin,10000000,6,0.02,200000,1200000
Karja Lazuardi,14000000,12,0.02,280000,3360000
Cager Mansur,11000000,4,0.01,110000,440000
Edison Setiawan,20000000,3,0.02,400000,1200000
Unggul Ardana,19000000,3,0.01,190000,570000
Kardi Sitorus,10000000,8,0.02,200000,1600000
Devi Maheswari,9000000,6,0.01,90000,540000
Karen Mustika,9000000,11,0.03,270000,2970000
Gada Setiawan,14000000,7,0.02,280000,1960000
Radit Mangunsong,18000000,9,0.03,540000,4860000
Nasab Wasita,18000000,12,0.02,360000,4320000
Gilda Wijayanti,9000000,12,0.01,90000,1080000
Emong Tarihoran,14000000,9,0.02,280000,2520000
Gaduh Prakasa,18000000,7,0.03,540000,3780000
Mahdi Salahudin,19000000,3,0.02,380000,1140000
Jagaraga Oktavian,12000000,12,0.02,240000,2880000
Jefri Yulianto,11000000,8,0.01,110000,880000
Rudi Sihombing,14000000,5,0.02,280000,1400000
Hardana Ahmad,20000000,7,0.01,200000,1400000
Kayla Padmasari,5000000,12,0.02,100000,1200000
Martani Tampubolon,19000000,8,0.01,190000,1520000
Carla Nasyidah,5000000,4,0.03,150000,600000
Mulyono Winarno,19000000,4,0.02,380000,1520000
Atmaja Prayoga,16000000,5,0.03,480000,2400000
Gandi Pratama,19000000,9,0.02,380000,3420000
Ami Salma,9000000,8,0.01,90000,720000
Puspa Prastuti,9000000,12,0.02,180000,2160000
Ika Saraswati,10000000,9,0.03,300000,2700000
Wardi Pangestu,16000000,9,0.02,320000,2880000
Pangestu Pradana,18000000,5,0.02,360000,1800000
Adiarja Wicaksono,15000000,6,0.01,150000,900000
Dwi Januar,18000000,3,0.02,360000,1080000
Puti Pertiwi,8000000,3,0.01,80000,240000
Cinthia Pudjiastuti,6000000,10,0.02,120000,1200000
Ibrani Wardana,12000000,6,0.01,120000,720000
Elvina Aqila,8000000,11,0.04,320000,3520000
Balapati Antoni,20000000,7,0.02,400000,2800000
Paramita Saraswati,9000000,4,0.03,270000,1080000
Gangsa Wacana,15000000,8,0.04,600000,4800000
Purwanto Winarno,11000000,6,0.01,110000,660000
Argono Rajasa,20000000,6,0.02,400000,2400000
Jasmani Manullang,17000000,10,0.03,510000,5100000
Cagak Saptono,16000000,10,0.01,160000,1600000
Ganda Latupono,17000000,11,0.03,510000,5610000
Langgeng Thamrin,14000000,5,0.02,280000,1400000
Mutia Wahyuni,8000000,12,0.01,80000,960000
Zulaikha Palastri,10000000,8,0.04,400000,3200000
Nasim Firmansyah,14000000,9,0.01,140000,1260000
Kuncara Arifin,19000000,4,0.03,570000,2280000
Halima Rahmawati,8000000,4,0.02,160000,640000
Yoga Prayoga,14000000,11,0.01,140000,1540000
Prita Hassanah,9000000,12,0.02,180000,2160000
Oman Hidayanto,16000000,3,0.03,480000,1440000
Mumpuni Hidayanto,12000000,6,0.02,240000,1440000
Ajiman Prasetya,11000000,5,0.02,220000,1100000
Balangga Setiawan,10000000,8,0.01,100000,800000
Zelaya Yuniar,10000000,7,0.02,200000,1400000
Kemba Mansur,17000000,4,0.01,170000,680000
Kawaca Manullang,17000000,11,0.02,340000,3740000
Lutfan Utama,14000000,10,0.01,140000,1400000
Omar Nugroho,16000000,11,0.04,640000,7040000
Halim Abiputra,12000000,4,0.02,240000,960000
Melinda Oktaviani,6000000,12,0.03,180000,2160000
Atmaja Aswandi,11000000,8,0.04,440000,3520000
Gaduh Saefullah,18000000,8,0.01,180000,1440000
Mulyono Hutasoit,15000000,8,0.02,300000,2400000
Limar Tamba,19000000,4,0.03,570000,2280000
Melani Fathina,9000000,11,0.01,90000,990000
Sari Hastuti,7000000,9,0.03,210000,1890000
Vinsen Bagaskara,19000000,6,0.02,380000,2280000
Sabar Prasasta,17000000,10,0.01,170000,1700000
Kala Nababan,14000000,6,0.04,560000,3360000
Karsa Perdana,20000000,8,0.01,200000,1600000
Jais Simbolon,20000000,6,0.03,600000,3600000
Luwes Tamba,12000000,6,0.02,240000,1440000
Artanto Putra,11000000,9,0.01,110000,990000
Indra Iswahyudi,20000000,4,0.02,400000,1600000
Najib Oktovian,15000000,5,0.03,450000,2250000
Irfan Purnawarman,11000000,4,0.02,220000,880000
Dwi Kahyang,5000000,10,0.02,100000,1000000
Tira Maheswari,10000000,9,0.01,100000,900000
Maras Mangunsong,14000000,11,0.02,280000,3080000
Puspita Andriani,9000000,9,0.01,90000,810000
Jais Simbolon,16000000,4,0.02,320000,1280000
Putri Palastri,7000000,9,0.01,70000,630000
Nilam Halimah,9000000,4,0.04,360000,1440000
Ditya Lestari,7000000,12,0.02,140000,1680000
Zelaya Agustina,9000000,4,0.03,270000,1080000
Unjani Farida,5000000,8,0.04,200000,1600000
Yono Prabowo,11000000,11,0.01,110000,1210000
Langgeng Purnawarman,12000000,10,0.02,240000,2400000
Virman Nainggolan,18000000,11,0.03,540000,5940000
Novi Anandya,5000000,10,0.01,50000,500000
Jumari Sinaga,12000000,3,0.03,360000,1080000
Empluk Maheswara,17000000,3,0.02,340000,1020000
Uchita Kusuma,6000000,11,0.01,60000,660000
Eja Ramadan,18000000,9,0.04,720000,6480000
Aslijan Nugraha,18000000,6,0.03,540000,3240000
Pandu Syahreza,18000000,6,0.02,360000,2160000
Gamani Napitupulu,16000000,3,0.03,480000,1440000
Nardi Adhitama,12000000,5,0.02,240000,1200000
Olivia Afifah,9000000,7,0.01,90000,630000
Luwar Ardianto,16000000,4,0.02,320000,1280000
Enteng Sinaga,11000000,10,0.03,330000,3300000
Prabowo Hidayanto,14000000,11,0.02,280000,3080000
Darmanto Prakasa,17000000,6,0.02,340000,2040000
Manah Manullang,19000000,6,0.01,190000,1140000
Enteng Kuswoyo,10000000,12,0.02,200000,2400000
Virman Marbun,19000000,9,0.01,190000,1710000
Linda Utami,9000000,4,0.02,180000,720000
Harimurti Damanik,11000000,8,0.01,110000,880000
Edi Salahudin,12000000,3,0.03,360000,1080000
Drajat Sihombing,17000000,5,0.02,340000,1700000
Cahyo Latupono,11000000,5,0.03,330000,1650000
Belinda Rahmawati,10000000,11,0.02,200000,2200000
Kemal Pratama,16000000,12,0.01,160000,1920000
Gilang Nainggolan,18000000,8,0.02,360000,2880000
Jane Laksita,6000000,5,0.03,180000,900000
Maras Rajasa,14000000,3,0.02,280000,840000
Kayun Adriansyah,17000000,10,0.02,340000,3400000
Yusuf Sinaga,17000000,12,0.01,170000,2040000
Hasan Pratama,19000000,3,0.02,380000,1140000
Kamila Laksita,9000000,11,0.01,90000,990000
Kurnia Putra,12000000,3,0.02,240000,720000
Yunita Winarsih,5000000,7,0.01,50000,350000
Najib Wibowo,17000000,6,0.03,510000,3060000
Danuja Prasasta,16000000,4,0.02,320000,1280000
Hardana Mustofa,16000000,5,0.03,480000,2400000
Jaka Hutapea,11000000,4,0.02,220000,880000
Tina Prastuti,8000000,11,0.01,80000,880000
Indira Aryanti,6000000,9,0.02,120000,1080000
Maryadi Airlangga,14000000,11,0.03,420000,4620000
Jaya Bagaskara,20000000,3,0.02,400000,1200000
Asmianto Setiawan,10000000,10,0.02,200000,2000000
Genta Jelita,10000000,12,0.01,100000,1200000
Gaduh Maheswara,15000000,9,0.02,300000,2700000
Leo Nashiruddin,20000000,6,0.01,200000,1200000
Gantar Wijaya,12000000,10,0.02,240000,2400000
Vega Widodo,11000000,10,0.01,110000,1100000
Viktor Prasasta,14000000,6,0.03,420000,2520000
Cayadi Agustian,19000000,5,0.02,380000,1900000
Gatra Satria,12000000,7,0.03,360000,2520000
Mursita Haryanto,14000000,6,0.02,280000,1680000
Sabri Maryadi,11000000,7,0.01,110000,770000
Winda Farida,8000000,5,0.02,160000,800000
Darmana Hidayanto,11000000,9,0.03,330000,2970000
Kasusra Habibi,17000000,9,0.02,340000,3060000
Karma Abimanyu,16000000,10,0.02,320000,3200000
Jefri Hidayat,15000000,8,0.01,150000,1200000
Indah Wahyuni,7000000,12,0.02,140000,1680000
Ophelia Ardiyanti,9000000,8,0.01,90000,720000
Danuja Hermawan,19000000,10,0.02,380000,3800000
Septi Aryanti,10000000,3,0.01,100000,300000
Tri Suryatmi,9000000,8,0.04,360000,2880000
Salimah Farida,5000000,3,0.02,100000,300000
Retno Laksita,5000000,11,0.03,150000,1650000
Galak Halim,16000000,10,0.04,640000,6400000
Gatra Abimanyu,20000000,11,0.01,200000,2200000
Raina Usamah,5000000,12,0.02,100000,1200000
Indira Pudjiastuti,10000000,10,0.03,300000,3000000
Balijan Prakasa,18000000,6,0.01,180000,1080000
Sarah Aqila,10000000,7,0.03,300000,2100000
Ismail Saragih,15000000,8,0.02,300000,2400000
Karsa Supriyanto,17000000,6,0.01,170000,1020000
Fitri Ramadhani,9000000,6,0.04,360000,2160000
Capa Narpati,14000000,7,0.01,140000,980000
Imam Wibisono,16000000,11,0.03,480000,5280000
Luhung Adriansyah,20000000,7,0.02,400000,2800000
Indra Wicaksono,17000000,9,0.01,170000,1530000
Ami Suryatmi,8000000,8,0.02,160000,1280000
Jindra Marpaung,14000000,8,0.03,420000,3360000
Michelle Maharani,8000000,8,0.02,160000,1280000
Hasta Pangestu,11000000,3,0.02,220000,660000
Viktor Pranowo,14000000,9,0.01,140000,1260000
Mulyono Kurniawan,17000000,7,0.02,340000,2380000
Yessi Padmasari,7000000,9,0.01,70000,630000
Nadia Nasyidah,10000000,7,0.02,200000,1400000
Safina Utami,7000000,12,0.01,70000,840000
Rafid Satria,18000000,6,0.04,720000,4320000
Banawi Rayhan,15000000,4,0.02,300000,1200000
Dagel Pangestu,12000000,10,0.03,360000,3600000
Vivi Kusmawati,8000000,10,0.04,320000,3200000
Virman Mansur,15000000,11,0.01,150000,1650000
Cakrawangsa Wibowo,16000000,12,0.02,320000,3840000
Zulaikha Nasyiah,8000000,6,0.03,240000,1440000
Candrakanta Pradipta,17000000,6,0.01,170000,1020000
Fara Anjani,6000000,9,0.03,180000,1620000
Mujur Sihotang,14000000,9,0.02,280000,2520000
Viman Handoko,12000000,11,0.01,120000,1320000
Olivia Wastuti,7000000,9,0.04,280000,2520000
Cakrabirawa Darojat,18000000,5,0.01,180000,900000
Irsad Darmawan,18000000,7,0.03,540000,3780000
Bakiono Abimanyu,14000000,8,0.02,280000,2240000
Bakda Waskita,19000000,3,0.01,190000,570000
Bagas Darmawan,15000000,3,0.02,300000,900000
Banawa Nababan,17000000,5,0.03,510000,2550000
Genta Namaga,10000000,10,0.02,200000,2000000
Juli Namaga,10000000,7,0.02,200000,1400000
Rizki Supriyanto,10000000,11,0.01,100000,1100000
Tomi Hardiansyah,18000000,9,0.02,360000,3240000
Pandu Wasita,17000000,9,0.01,170000,1530000
Limar Simbolon,10000000,10,0.02,200000,2000000
Yahya Rajata,17000000,7,0.01,170000,1190000
Gandewa Sitompul,16000000,12,0.04,640000,7680000
Hartana Kurniawan,16000000,7,0.02,320000,2240000
Gilang Suryono,15000000,6,0.03,450000,2700000
Kajen Sudrajat,11000000,8,0.04,440000,3520000
Karja Febian,12000000,10,0.01,120000,1200000
Zizi Afifah,10000000,3,0.02,200000,600000
Violet Lailasari,9000000,6,0.03,270000,1620000
Ade Narpati,14000000,9,0.01,140000,1260000
Gaman Siregar,14000000,5,0.03,420000,2100000
Radit Mangunsong,20000000,11,0.02,400000,4400000
Kenzie Darmawan,15000000,10,0.01,150000,1500000
Citra Afifah,6000000,11,0.04,240000,2640000
Tantri Salsabilla,8000000,6,0.03,240000,1440000
Kenes Iswahyudi,18000000,4,0.02,360000,1440000
Hairyanto Narpati,17000000,10,0.03,510000,5100000
Cahyo Prasetya,17000000,12,0.02,340000,4080000
Prita Suartini,7000000,9,0.01,70000,630000
Jaga Pradana,19000000,4,0.02,380000,1520000
Irsad Halim,11000000,7,0.03,330000,2310000
Jarwadi Anggriawan,15000000,12,0.02,300000,3600000
Adika Budiyanto,12000000,5,0.02,240000,1200000
Koko Sihombing,11000000,10,0.01,110000,1100000
Darmana Faresta,20000000,7,0.02,400000,2800000
Dirja Pradana,20000000,11,0.01,200000,2200000
Humaira Aryanti,9000000,10,0.02,180000,1800000
Tasnim Maryadi,20000000,6,0.01,200000,1200000
Wani Azizah,5000000,9,0.03,150000,1350000
Yunita Usamah,9000000,7,0.02,180000,1260000
Lalita Yolanda,5000000,8,0.03,150000,1200000
Hasan Ardana,15000000,4,0.02,300000,1200000
Dariati Manullang,18000000,3,0.01,180000,540000
Zulaikha Nurdiyanti,7000000,12,0.02,140000,1680000
Kanda Hardiansyah,16000000,9,0.03,480000,4320000
Putu Nababan,17000000,3,0.02,340000,1020000
Cemplunk Fabian,18000000,9,0.02,360000,3240000
Virman Kusumo,12000000,6,0.01,120000,720000
Mulyono Ardana,12000000,3,0.02,240000,720000
Umar Handoko,18000000,3,0.01,180000,540000
Faizah Wulandari,7000000,7,0.02,140000,980000
Novi Wastuti,8000000,12,0.01,80000,960000
Jabal Rajata,20000000,3,0.03,600000,1800000
Makuta Hidayanto,19000000,8,0.02,380000,3040000
Baktiadi Waluyo,20000000,9,0.03,600000,5400000
Bakda Salahudin,17000000,4,0.02,340000,1360000
Warta Wicaksono,11000000,9,0.01,110000,990000
Liman Darmawan,17000000,10,0.02,340000,3400000
Lidya Aurelia,5000000,3,0.03,150000,450000
Rosalina Hastuti,7000000,12,0.02,140000,1680000
Cinta Zahrah,7000000,10,0.02,140000,1400000
Mila Winarsih,9000000,5,0.01,90000,450000
Nadine Usada,9000000,4,0.02,180000,720000
Fitria Lailasari,9000000,7,0.01,90000,630000
Luwes Mahardika,17000000,8,0.02,340000,2720000
Prakosa Rayhan,16000000,9,0.01,160000,1440000
Nyana Sirait,11000000,7,0.03,330000,2310000
Raditya Haryanto,19000000,4,0.02,380000,1520000
Alika Mustika,7000000,12,0.03,210000,2520000
Lasmono Sabian,11000000,10,0.02,220000,2200000
Karsana Airlangga,19000000,7,0.01,190000,1330000
Betania Agustina,7000000,4,0.02,140000,560000
Kamila Aqila,7000000,11,0.03,210000,2310000
Mulyono Uwais,10000000,5,0.02,200000,1000000
Yessi Mardhiyah,10000000,4,0.02,200000,800000
Ganesha Haryanti,9000000,12,0.01,90000,1080000
Ade Damanik,19000000,4,0.02,380000,1520000
Kairav Nugroho,12000000,9,0.01,120000,1080000
Uchita Andini,9000000,3,0.02,180000,540000
Legawa Suryono,15000000,10,0.01,150000,1500000
Makuta Haryanto,10000000,9,0.04,400000,3600000
Elvina Hartati,8000000,9,0.02,160000,1440000
Tasdik Yanuar,19000000,7,0.03,570000,3990000
Heru Irfandi,11000000,7,0.04,440000,3080000
Vero Supriyanto,15000000,9,0.01,150000,1350000
Pratiwi Puspasari,7000000,3,0.02,140000,420000
Hadi Budiyanto,15000000,4,0.03,450000,1800000
Vivi Wahyuni,7000000,4,0.01,70000,280000
Kenes Sudrajat,14000000,8,0.03,420000,3360000
Cakrawangsa Oktovian,20000000,3,0.02,400000,1200000
Irawati Pertiwi,7000000,12,0.01,70000,840000
Jaiman Firgantoro,12000000,5,0.04,480000,2400000
Ifa Prastuti,9000000,11,0.01,90000,990000
Balapati Napitupulu,18000000,10,0.03,540000,5400000
Cahyadi Suwarno,12000000,11,0.02,240000,2640000
Usman Alamsyah,16000000,9,0.01,160000,1440000
Lestari Aurelia,10000000,9,0.02,200000,1800000
Jindra Saputra,10000000,12,0.03,300000,3600000
Erik Lesmana,18000000,5,0.02,360000,1800000
Yunita Nuraini,9000000,4,0.02,180000,720000
Cahyo Maulana,17000000,11,0.01,170000,1870000
Omar Sihombing,11000000,5,0.02,220000,1100000
Rahayu Winarsih,7000000,12,0.01,70000,840000
Estiawan Perdana,19000000,12,0.02,380000,4560000
Halim Zulkarnain,19000000,10,0.01,190000,1900000
Cahyo Halim,15000000,5,0.04,600000,3000000
Ismail Utama,20000000,11,0.02,400000,4400000
Damar Aswandi,16000000,7,0.03,480000,3360000
Bakiono Simbolon,14000000,11,0.04,560000,6160000
Bagiya Perdana,16000000,4,0.01,160000,640000
Rosman Sihotang,19000000,3,0.02,380000,1140000
Kenari Nainggolan,16000000,7,0.03,480000,3360000
Kezia Fernanda,8000000,6,0.01,80000,480000
Drajat Suryono,14000000,9,0.03,420000,3780000
Banawi Ahmad,17000000,8,0.02,340000,2720000
Gawati Astuti,9000000,6,0.01,90000,540000
Ibrani Purnawarman,19000000,8,0.04,760000,6080000
Labuh Wicaksono,15000000,6,0.01,150000,900000
Digdaya Lesmana,15000000,12,0.03,450000,5400000
Elvina Usamah,7000000,5,0.02,140000,700000
Daliman Abiputra,12000000,3,0.01,120000,360000
Kayun Sitompul,20000000,8,0.02,400000,3200000
Shania Purwanti,6000000,12,0.03,180000,2160000
Pangeran Agustian,11000000,5,0.02,220000,1100000
Wulandari Fernanda,9000000,9,0.02,180000,1620000
Prayogo Irfandi,15000000,6,0.01,150000,900000
Natalia Halimah,7000000,10,0.02,140000,1400000
Vera Fernanda,7000000,8,0.01,70000,560000
Rosman Thamrin,17000000,3,0.02,340000,1020000
Unjani Sudiati,5000000,5,0.01,50000,250000
Prakosa Nanda,20000000,11,0.04,800000,8800000
Dwi Maryadi,20000000,7,0.02,400000,2800000
Latif Suryono,11000000,7,0.03,330000,2310000
Cakrawangsa Nashiruddin,18000000,6,0.04,720000,4320000
Dadi Purwadi,11000000,5,0.01,110000,550000
Rosalina Suryatmi,7000000,7,0.02,140000,980000
Septi Fathina,7000000,5,0.03,210000,1050000
Irfan Setiawan,15000000,3,0.01,150000,450000
Legawa Wicaksono,12000000,3,0.03,360000,1080000
Ivan Mahendra,18000000,10,0.02,360000,3600000
Lintang Rahayu,9000000,3,0.01,90000,270000
Kartika Handayani,7000000,11,0.04,280000,3080000
Sakti Agustian,20000000,7,0.03,600000,4200000
Unggul Siregar,20000000,8,0.02,400000,3200000
Karma Saragih,20000000,10,0.03,600000,6000000
Damu Suwarno,14000000,12,0.02,280000,3360000
Gandewa Airlangga,15000000,10,0.01,150000,1500000
Lega Wijaya,19000000,9,0.02,380000,3420000
Ani Wastuti,8000000,5,0.03,240000,1200000
Rudi Hutasoit,15000000,4,0.02,300000,1200000
Gaduh Maryadi,20000000,4,0.02,400000,1600000
Dagel Ahmad,11000000,7,0.01,110000,770000
Najib Syahreza,16000000,3,0.02,320000,960000
Budi Wacana,14000000,11,0.01,140000,1540000
Mulya Suryono,16000000,6,0.02,320000,1920000
Salimah Aurelia,10000000,5,0.01,100000,500000
Jaga Sitompul,17000000,7,0.03,510000,3570000
Okto Natsir,10000000,4,0.02,200000,800000
Hilda Namaga,9000000,5,0.03,270000,1350000
Janet Permata,7000000,8,0.02,140000,1120000
Oman Mahardika,14000000,8,0.01,140000,1120000
Raden Darmawan,20000000,4,0.02,400000,1600000
Mitra Putra,14000000,9,0.03,420000,3780000
Fitriani Nurlaela,6000000,4,0.02,120000,480000
Ghani Siregar,15000000,3,0.02,300000,900000
Teguh Irawan,18000000,10,0.01,180000,1800000
Purwanto Saragih,12000000,4,0.02,240000,960000
Azalea Aqila,6000000,9,0.01,60000,540000
Kemba Pranowo,15000000,9,0.02,300000,2700000
Cawuk Sinaga,12000000,6,0.01,120000,720000
Lembah Suwarno,20000000,11,0.03,600000,6600000
Agus Simanjuntak,14000000,3,0.02,280000,840000
Jabal Suryono,11000000,10,0.03,330000,3300000
Maryadi Hidayat,16000000,5,0.02,320000,1600000
Cakrabirawa Hardiansyah,18000000,5,0.01,180000,900000
Jarwa Hidayat,18000000,12,0.02,360000,4320000
Febi Putri,9000000,8,0.03,270000,2160000
Sakti Mangunsong,17000000,11,0.02,340000,3740000
Ganesha Wijayanti,8000000,7,0.02,160000,1120000
Jane Hassanah,8000000,9,0.01,80000,720000
Tira Anandya,10000000,6,0.02,200000,1200000
Ani Fujiati,8000000,8,0.01,80000,640000
Padmi Saputri,6000000,7,0.02,120000,840000
Respati Damanik,12000000,8,0.01,120000,960000
Joko Sabian,20000000,8,0.03,600000,4800000
Cager Kusumo,11000000,8,0.02,220000,1760000
Dalima Zahrah,9000000,6,0.03,270000,1620000
Praba Budiman,20000000,8,0.02,400000,3200000
Bakiman Gunarto,14000000,11,0.01,140000,1540000
Caturangga Siregar,12000000,9,0.02,240000,2160000
Yuni Kusmawati,7000000,9,0.03,210000,1890000
Yono Setiawan,20000000,11,0.02,400000,4400000
Tugiman Irfandi,16000000,11,0.02,320000,3520000
Cahya Rajasa,12000000,4,0.01,120000,480000
Pardi Purwadi,16000000,9,0.02,320000,2880000
Dimas Prayoga,11000000,7,0.01,110000,770000
Yunita Riyanti,8000000,3,0.02,160000,480000
Dariati Yanuar,14000000,8,0.01,140000,1120000
Kartika Saputri,10000000,12,0.04,400000,4800000
Latif Tampubolon,11000000,9,0.02,220000,1980000
Jaka Rendra,15000000,8,0.03,450000,3600000
Garda Sihotang,18000000,10,0.04,720000,7200000
Banara Hakim,14000000,7,0.01,140000,980000
Joko Maulana,19000000,10,0.02,380000,3800000
Surya Suryono,14000000,8,0.03,420000,3360000
Rini Zahrah,9000000,9,0.01,90000,810000
Mahmud Ahmad,17000000,5,0.03,510000,2550000
Malik Darojat,20000000,5,0.02,400000,2000000
Atma Pangestu,18000000,11,0.01,180000,1980000
Rita Zulaika,9000000,11,0.04,360000,3960000
Janet Sudiati,10000000,10,0.01,100000,1000000
Tina Haryanti,8000000,4,0.03,240000,960000
Sadina Uyainah,9000000,8,0.02,180000,1440000
Yance Kusmawati,9000000,6,0.01,90000,540000
Lili Usamah,5000000,6,0.02,100000,600000
Paiman Habibi,14000000,9,0.03,420000,3780000
Melinda Putri,6000000,10,0.02,120000,1200000
Aulia Usada,7000000,12,0.02,140000,1680000
Kirana Permata,5000000,4,0.01,50000,200000
Daryani Setiawan,16000000,5,0.02,320000,1600000
Lili Padmasari,7000000,3,0.01,70000,210000
Edison Napitupulu,16000000,10,0.02,320000,3200000
Eka Wicaksono,17000000,5,0.01,170000,850000
Kambali Pangestu,20000000,10,0.04,800000,8000000
Capa Simbolon,11000000,9,0.02,220000,1980000
Amalia Nasyiah,10000000,11,0.03,300000,3300000
Laila Rachmawati,9000000,10,0.04,360000,3600000
Cawisono Pranowo,16000000,11,0.01,160000,1760000
Ani Usada,9000000,5,0.02,180000,900000
Kezia Damayanti,8000000,12,0.03,240000,2880000
Hartaka Agustian,11000000,7,0.01,110000,770000
Noviana Fujiati,8000000,10,0.03,240000,2400000
Jaka Antoni,11000000,9,0.02,220000,1980000
Among Ardana,17000000,8,0.01,170000,1360000
Gamblang Saefullah,15000000,5,0.04,600000,3000000
Prayoga Wibisono,15000000,5,0.01,150000,750000
Rina Usada,10000000,11,0.03,300000,3300000
Teddy Narpati,17000000,5,0.02,340000,1700000
Zulfa Ramadhani,8000000,11,0.01,80000,880000
Respati Najmudin,11000000,10,0.02,220000,2200000
Jumari Budiyanto,12000000,6,0.03,360000,2160000
Aslijan Perdana,12000000,10,0.02,240000,2400000
Jagaraga Prakasa,18000000,5,0.02,360000,1800000
Alika Hartati,6000000,7,0.01,60000,420000
Puspita Nathania,5000000,8,0.02,100000,800000
Irfan Firgantoro,14000000,4,0.01,140000,560000
Dimaz Samosir,15000000,12,0.02,300000,3600000
Rizki Satria,19000000,8,0.01,190000,1520000
Muni Marpaung,11000000,3,0.04,440000,1320000
Unjani Utami,9000000,7,0.02,180000,1260000
Ikin Sinaga,12000000,11,0.03,360000,3960000
Umaya Prakasa,17000000,11,0.04,680000,7480000
Yahya Gunawan,19000000,7,0.01,190000,1330000
Cinthia Aurelia,7000000,3,0.02,140000,420000
Gawati Salma,8000000,5,0.03,240000,1200000
Ghaliyati Nathania,5000000,3,0.01,50000,150000
Bakianto Permadi,18000000,8,0.03,540000,4320000
Bakianto Nababan,20000000,4,0.02,400000,1600000
Raditya Alamsyah,16000000,12,0.01,160000,1920000
Balamantri Yudhistira,16000000,7,0.04,640000,4480000
Kayun Nugroho,18000000,8,0.03,540000,4320000
Ami Amanta,9000000,5,0.02,180000,900000
Balidin Pradana,17000000,3,0.03,510000,1530000
Jefri Situmorang,12000000,5,0.02,240000,1200000
Respati Santoso,15000000,5,0.01,150000,750000
Tantri Nathania,7000000,8,0.02,140000,1120000
Zulfa Damayanti,8000000,10,0.03,240000,2400000
Najam Prasetyo,17000000,3,0.02,340000,1020000
Zaenab Ardiyanti,7000000,6,0.02,140000,840000
Maman Purwadi,19000000,8,0.01,190000,1520000
Nada Maharani,7000000,6,0.02,140000,840000
Gangsar Utama,16000000,5,0.01,160000,800000
Violet Nathania,10000000,9,0.02,200000,1800000
Kajen Simanjuntak,20000000,4,0.01,200000,800000
Karna Prakasa,19000000,10,0.03,570000,5700000
Mumpuni Saputra,15000000,3,0.02,300000,900000
Caraka Putra,14000000,11,0.03,420000,4620000
Pardi Maulana,16000000,12,0.02,320000,3840000
Rahman Purnama,18000000,8,0.01,180000,1440000
Nrima Zulkarnain,15000000,6,0.02,300000,1800000
Silvia Saputri,8000000,8,0.03,240000,1920000
Rangga Jailani,16000000,3,0.02,320000,960000
Jarwadi Hardiansyah,20000000,4,0.02,400000,1600000
Dimaz Ardana,17000000,11,0.01,170000,1870000
Safina Melinda,10000000,9,0.02,200000,1800000
Luthfi Febian,14000000,3,0.01,140000,420000
Kamidin Supriyanto,15000000,8,0.02,300000,2400000
Gasti Harini,9000000,11,0.01,90000,990000
Mahmud Pradipta,17000000,11,0.03,510000,5610000
Jindra Latupono,20000000,12,0.02,400000,4800000
Yessi Mardhiyah,10000000,10,0.03,300000,3000000
Martani Dirgantara,17000000,11,0.02,340000,3740000
Lukita Prasetya,14000000,7,0.01,140000,980000
Lala Lailasari,9000000,10,0.02,180000,1800000
Jais Prasetyo,12000000,11,0.03,360000,3960000
Ratih Yolanda,7000000,12,0.02,140000,1680000
Salman Purnawarman,17000000,11,0.02,340000,3740000
Lili Palastri,8000000,6,0.01,80000,480000
Bagas Fabian,16000000,12,0.02,320000,3840000
Galang Prayoga,19000000,7,0.01,190000,1330000
Dadi Alamsyah,11000000,12,0.02,220000,2640000
Dartono Budiman,20000000,10,0.01,200000,2000000
Puput Anandya,9000000,11,0.03,270000,2970000
Kani Zahrah,7000000,5,0.02,140000,700000
Najam Marbun,15000000,3,0.03,450000,1350000
Garan Maulana,12000000,8,0.02,240000,1920000
Niyaga Pradipta,16000000,9,0.01,160000,1440000
Wirda Mayasari,6000000,11,0.02,120000,1320000
Ajimat Tampubolon,15000000,3,0.03,450000,1350000
Limar Agustian,14000000,8,0.02,280000,2240000
Panca Halim,14000000,7,0.02,280000,1960000
Galur Anggriawan,12000000,4,0.01,120000,480000
Raina Zahrah,5000000,8,0.02,100000,800000
Satya Situmorang,15000000,10,0.01,150000,1500000
Gaduh Santoso,15000000,11,0.02,300000,3300000
Vicky Puspita,8000000,10,0.01,80000,800000
Gawati Anjani,5000000,8,0.04,200000,1600000
Halim Mangunsong,18000000,9,0.02,360000,3240000
Ciaobella Riyanti,7000000,6,0.03,210000,1260000
Bakiono Sihombing,12000000,11,0.04,480000,5280000
Cawisadi Irfandi,14000000,11,0.01,140000,1540000
Cayadi Satria,15000000,9,0.02,300000,2700000
Calista Pratiwi,5000000,3,0.03,150000,450000
Slamet Hakim,17000000,10,0.01,170000,1700000
Hairyanto Prabowo,15000000,8,0.03,450000,3600000
Ikin Pradana,12000000,8,0.02,240000,1920000
Niyaga Mangunsong,12000000,5,0.01,120000,600000
Rahmat Irfandi,15000000,9,0.04,600000,5400000
Cornelia Leilani,8000000,7,0.01,80000,560000
Ani Damayanti,10000000,6,0.03,300000,1800000
Bahuwirya Ramadan,11000000,11,0.02,220000,2420000
Narji Firmansyah,14000000,12,0.01,140000,1680000
Kunthara Wijaya,17000000,3,0.02,340000,1020000
Ikhsan Sitorus,17000000,6,0.03,510000,3060000
Fara Mardhiyah,8000000,8,0.02,160000,1280000
Hani Lestari,8000000,10,0.02,160000,1600000
Eva Elvina,9000000,4,0.01,90000,360000
Emin Abiputra,15000000,6,0.02,300000,1800000
Paiman Arifin,17000000,9,0.01,170000,1530000
Ade Wijayanti,10000000,4,0.02,200000,800000
Ghaliyati Anandya,5000000,11,0.01,50000,550000
Adinata Natsir,16000000,6,0.04,640000,3840000
Asmadi Jailani,14000000,6,0.02,280000,1680000
Wardi Purnama,14000000,10,0.03,420000,4200000
Ilsa Azzahra,7000000,10,0.04,280000,2800000
Nugraha Prasasta,11000000,11,0.01,110000,1210000
Luhung Antoni,15000000,10,0.02,300000,3000000
Dodo Haikal,11000000,11,0.03,330000,3630000
Salman Permadi,18000000,8,0.01,180000,1440000
Erik Arifin,19000000,9,0.03,570000,5130000
Ajeng Leilani,5000000,10,0.02,100000,1000000
Linda Azizah,7000000,8,0.01,70000,560000
Reksa Putra,14000000,9,0.04,560000,5040000
Ivan Sabian,18000000,11,0.01,180000,1980000
Nasrullah Sihotang,20000000,5,0.03,600000,3000000
Tari Mardhiyah,9000000,11,0.02,180000,1980000
Wardi Faresta,19000000,5,0.01,190000,950000
Rosman Damanik,20000000,6,0.02,400000,2400000
Ophelia Anandya,10000000,11,0.03,300000,3300000
Zizi Riyanti,10000000,4,0.02,200000,800000
Gading Ahmad,19000000,6,0.02,380000,2280000
Samsul Prasasta,15000000,11,0.01,150000,1650000
Luwar Sihombing,11000000,6,0.02,220000,1320000
Linda Pudjiastuti,8000000,3,0.01,80000,240000
Yulia Salma,6000000,11,0.02,120000,1320000
Asmadi Purwadi,18000000,5,0.01,180000,900000
Parman Saefullah,18000000,11,0.04,720000,7920000
Karen Harini,7000000,4,0.02,140000,560000
Jamil Purnawarman,14000000,6,0.03,420000,2520000
Maman Simbolon,15000000,4,0.04,600000,2400000
Luis Haikal,11000000,3,0.01,110000,330000
Lasmanto Iswahyudi,17000000,12,0.02,340000,4080000
Natalia Susanti,8000000,10,0.03,240000,2400000
Rachel Zahrah,9000000,11,0.01,90000,990000
Noviana Rahayu,9000000,7,0.03,270000,1890000
Umar Bagaskara,20000000,10,0.02,400000,4000000
Dasa Santoso,14000000,12,0.01,140000,1680000
Warji Yanuar,16000000,9,0.04,640000,5760000
Ozy Purwadi,18000000,3,0.03,540000,1620000
Warta Sudrajat,11000000,5,0.02,220000,1100000
Harsana Sirait,14000000,6,0.03,420000,2520000
Anom Prasasta,17000000,3,0.02,340000,1020000
Jinawi Mansur,19000000,12,0.01,190000,2280000
Siska Nathania,10000000,3,0.02,200000,600000
Putri Riyanti,7000000,11,0.03,210000,2310000
Raden Suryono,14000000,4,0.02,280000,1120000
Yono Darmawan,16000000,12,0.02,320000,3840000
Endah Azzahra,10000000,11,0.01,100000,1100000
Mulyanto Yudhistira,14000000,7,0.02,280000,1960000
Jessica Zulaika,8000000,12,0.01,80000,960000
Vanesa Handayani,9000000,4,0.02,180000,720000
Indah Ramadhani,6000000,6,0.01,60000,360000
Ciaobella Saraswati,9000000,4,0.03,270000,1080000
Emas Irawan,20000000,9,0.02,400000,3600000
Prakosa Yudhistira,15000000,6,0.03,450000,2700000
Laksita Ramadhani,6000000,3,0.02,120000,360000
Warsa Hidayanto,11000000,5,0.01,110000,550000
Harimurti Hardiansyah,18000000,3,0.02,360000,1080000
Gilang Ardana,20000000,4,0.03,600000,2400000
Atmaja Natsir,18000000,6,0.02,360000,2160000
Samiah Anjani,5000000,12,0.02,100000,1200000
Maras Haryanto,11000000,4,0.01,110000,440000
Cindy Anjani,10000000,8,0.02,200000,1600000
Ratih Laksmiwati,7000000,7,0.01,70000,490000
Tri Juwita,6000000,10,0.02,120000,1200000
Anom Budiyanto,17000000,6,0.01,170000,1020000
Saadat Alamsyah,19000000,7,0.03,570000,3990000
Aulia Saraswati,9000000,5,0.02,180000,900000
Ozy Alamsyah,19000000,12,0.03,570000,6840000
Jefri Nugroho,15000000,7,0.02,300000,2100000
Mumpuni Uwais,17000000,12,0.01,170000,2040000
Saiful Faresta,19000000,4,0.02,380000,1520000
Hamzah Maheswara,12000000,3,0.03,360000,1080000
Dadap Pranowo,18000000,8,0.02,360000,2880000
Gada Mustofa,18000000,8,0.02,360000,2880000
Bakiman Purwadi,20000000,10,0.01,200000,2000000
Hamzah Maulana,14000000,10,0.02,280000,2800000
Harsaya Haikal,15000000,10,0.01,150000,1500000
Candrakanta Oktavian,18000000,3,0.02,360000,1080000
Jumari Yanuar,11000000,7,0.01,110000,770000
Among Prasetyo,12000000,5,0.03,360000,1800000
Azalea Ningrum,8000000,7,0.02,160000,1120000
Ajimat Haryanto,16000000,3,0.03,480000,1440000
Ilsa Andriani,10000000,10,0.02,200000,2000000
Cahyo Haikal,18000000,8,0.01,180000,1440000
Setya Agustian,20000000,8,0.02,400000,3200000
Kawaca Hidayat,15000000,5,0.03,450000,2250000
Lantar Bagaskara,15000000,6,0.02,300000,1800000
Uchita Pudjiastuti,6000000,3,0.02,120000,360000
Irsad Nugroho,17000000,12,0.01,170000,2040000
Virman Adhitama,17000000,9,0.02,340000,3060000
Wasis Purnawarman,19000000,8,0.01,190000,1520000
Viman Sabian,14000000,5,0.02,280000,1400000
Kajen Nugroho,12000000,11,0.01,120000,1320000
Violet Salsabilla,10000000,4,0.04,400000,1600000
Zamira Prastuti,6000000,7,0.02,120000,840000
Muhammad Purwadi,12000000,12,0.03,360000,4320000
Hilda Hassanah,5000000,6,0.04,200000,1200000
Harjo Prayoga,20000000,6,0.01,200000,1200000
Cakrawangsa Rajasa,19000000,11,0.02,380000,4180000
Makara Natsir,19000000,9,0.03,570000,5130000
Farhunnisa Aryani,9000000,10,0.01,90000,900000
Padmi Astuti,7000000,6,0.03,210000,1260000
Dewi Yolanda,10000000,5,0.02,200000,1000000
Gaman Marbun,14000000,10,0.01,140000,1400000
Luis Oktavian,17000000,7,0.04,680000,4760000
Gantar Prasetya,17000000,6,0.01,170000,1020000
Febriana Wahyuni,7000000,7,0.03,210000,1470000
Ana Usada,7000000,6,0.02,140000,840000
Nugraha Mangunsong,11000000,5,0.01,110000,550000
Indra Narpati,11000000,11,0.02,220000,2420000
Bakda Febian,10000000,12,0.03,300000,3600000
Kenari Hidayanto,17000000,4,0.02,340000,1360000
Anastasia Kuswandari,8000000,8,0.02,160000,1280000
Mustika Winarno,20000000,9,0.01,200000,1800000
Latif Arifin,20000000,5,0.02,400000,2000000
Jaiman Supriyanto,14000000,3,0.01,140000,420000
Lili Rahimah,7000000,6,0.02,140000,840000
Nabila Wastuti,8000000,12,0.01,80000,960000
Dwi Palastri,9000000,5,0.04,360000,1800000
Tsabita Amanta,8000000,3,0.02,160000,480000
Rahmat Nanda,10000000,3,0.03,300000,900000
Karsana Salahudin,15000000,8,0.04,600000,4800000
Dian Puspasari,9000000,8,0.01,90000,720000
Farhunnisa Halimah,10000000,7,0.02,200000,1400000
Koko Maryadi,11000000,6,0.03,330000,1980000
Elvin Pradipta,19000000,7,0.01,190000,1330000
Taufan Widodo,20000000,12,0.03,600000,7200000
Galar Winarno,20000000,10,0.02,400000,4000000
Lukita Syahreza,11000000,5,0.01,110000,550000
Jayadi Mahardika,18000000,4,0.04,720000,2880000
Nrima Natsir,11000000,8,0.01,110000,880000
Bakda Saragih,12000000,10,0.03,360000,3600000
Pranawa Hakim,16000000,8,0.02,320000,2560000
Darmanto Habibi,12000000,7,0.01,120000,840000
Kalim Himawan,11000000,11,0.02,220000,2420000
Rahayu Astuti,7000000,8,0.03,210000,1680000
Utama Fabian,19000000,12,0.02,380000,4560000
Rosa Zahrah,5000000,12,0.02,100000,1200000
Yulia Wijayanti,7000000,12,0.01,70000,840000
Tami Puspita,9000000,12,0.02,180000,2160000
Pardi Ardana,18000000,6,0.01,180000,1080000
Niyaga Ardana,18000000,10,0.02,360000,3600000
Rangga Marbun,19000000,7,0.01,190000,1330000
Purwa Lazuardi,20000000,10,0.04,800000,8000000
Gandewa Yulianto,11000000,3,0.02,220000,660000
Jane Anandya,9000000,6,0.03,270000,1620000
Maida Yulianti,7000000,12,0.04,280000,3360000
Bagus Thamrin,16000000,3,0.01,160000,480000
Galar Firmansyah,14000000,9,0.02,280000,2520000
Sasha Purwanti,9000000,6,0.03,270000,1620000
Safira Novitasari,6000000,10,0.01,60000,600000
Amelia Suryatmi,7000000,12,0.03,210000,2520000
Michelle Winarsih,6000000,9,0.02,120000,1080000
