id,salary
31747,7750000
31748,4114259
31749,4754504
31750,12881481
31751,10005238
31752,13354545
31753,4786891
31754,11571212
31755,9766666
31756,6961827
31757,4362896
31758,5750000
31759,4091894
31760,11866666
31761,6961827
31762,4671250
31763,7025000
31764,3597500
31765,7295238
31766,5500000
31767,3718250
31768,8296750
31769,4505139
31770,6566666
31771,4362500
31772,5896938
31773,5937500
31774,8545462
31775,5784642
31776,5250000
31777,5101250
31778,4705468
31779,11125000
31780,14000000
31781,4752359
31782,6382857
31783,4480434
31784,4616666
31785,7583333
31786,4571893
31787,4571893
31788,4906315
31789,4778281
31790,5050000
31791,4754504
31792,3034375
31793,18000000
31794,6382857
31795,4571893
31796,8545462
31797,4757722
31798,4505139
31799,5750000
31800,3876357
31801,6980000
31802,4091894
31803,4415000
31804,5784642
31805,3340611
31806,5298270
31807,5125000
31808,4505139
31809,12692307
31810,5146666
31811,3136666
31812,4778281
31813,4833333
31814,15292307
31815,4705468
31816,5146666
31817,23290000
31818,1500000
31819,9500000
31820,3650000
31821,6500000
31822,11571212
31823,7295238
31824,3340611
31825,15000000
31826,6446944
31827,18020833
31828,6500000
31829,11222222
31830,4505139
31831,3750000
31832,2887500
31833,6000000
31834,4081520
31835,11562500
31836,8545462
31837,8545462
31838,10000000
31839,11571212
31840,6446944
31841,5255769
31842,6021052
31843,7500000
31844,3250000
31845,7295238
31846,10861610
31847,3000000
31848,6406666
31849,5025000
31850,12250000
31851,4173409
31852,4472142
31853,4754504
31854,4581730
31855,4582585
31856,4975000
31857,11407500
31858,4343437
31859,4581730
31860,13916666
31861,3951875
31862,4571893
31863,5875000
31864,11000000
31865,5644000
31866,6642857
31867,5784642
31868,8545462
31869,3034375
31870,4569330
31871,11187500
31872,4266984
31873,3963953
31874,5106818
31875,2916666
31876,4362896
31877,4786891
31878,4571893
31879,5100000
31880,7566666
31881,13650000
31882,10000000
31883,3187500
31884,4505139
31885,8408333
31886,5298270
31887,6961827
31888,4122834
31889,2825000
31890,19316666
31891,12692307
31892,3785714
31893,4081520
31894,10341666
31895,3340611
31896,12000000
31897,6521875
31898,5644000
31899,5986858
31900,4505139
31901,5614358
31902,12266666
31903,7500000
31904,12675000
31905,4505139
31906,3750000
31907,3340611
31908,6035714
31909,10340625
31910,5571010
31911,3933125
31912,4266984
31913,17500000
31914,12661111
31915,5400000
31916,4505139
31917,4444318
31918,4081520
31919,5575000
31920,6830769
31921,6435869
31922,3034375
31923,4122834
31924,6180000
31925,5400000
31926,6180000
31927,6961827
31928,10416666
31929,10005238
31930,5050000
31931,6830769
31932,5274782
31933,4505139
31934,4266984
31935,7666666
31936,4500000
31937,4505139
31938,10000000
31939,4582585
31940,4091894
31941,6901203
31942,8633333
31943,3500000
31944,13000000
31945,7300000
31946,11562500
31947,8580000
31948,4671250
31949,4705468
31950,7200000
31951,12643260
31952,6446944
31953,12643260
31954,4500000
31955,3312500
31956,4959388
31957,5298270
31958,15133333
31959,6382857
31960,5644000
31961,4581730
31962,4444318
31963,4250000
31964,6059500
31965,12881481
31966,3568211
31967,4122834
31968,8633333
31969,7000000
31970,4653300
31971,4771000
31972,6000000
31973,4505139
31974,4042857
31975,7125000
31976,6435869
31977,4771000
31978,4362896
31979,7233452
31980,4200000
31981,4415000
31982,4571893
31983,9900000
31984,5986858
31985,5896938
31986,4505139
31987,11571212
31988,8665000
31989,4705468
31990,12661111
31991,6901203
31992,15275205
31993,3340611
31994,5691923
31995,24916666
31996,6961827
31997,4430000
31998,4088416
31999,9871428
32000,5691923
32001,5810000
32002,3876357
32003,3506000
32004,7295238
32005,4771000
32006,6435869
32007,6964285
32008,4706818
32009,8296750
32010,6435869
32011,4088416
32012,8545462
32013,5250000
32014,5810000
32015,4266984
32016,4959388
32017,6581250
32018,6406666
32019,12643260
32020,6450000
32021,6757142
32022,4250000
32023,8200000
32024,6500000
32025,13477272
32026,9625000
32027,4418917
32028,4505139
32029,14916666
32030,3250000
32031,4754504
32032,10861610
32033,15250000
32034,3034375
32035,4581730
32036,4959388
32037,9625000
32038,4325000
32039,8875000
32040,6375000
32041,4705468
32042,16231818
32043,7875000
32044,4266984
32045,8750000
32046,15755555
32047,4442857
32048,4705468
32049,10269291
32050,7566666
32051,4959388
32052,6399000
32053,8918548
32054,22045454
32055,6877777
32056,6180000
32057,3926353
32058,13477272
32059,4786891
32060,6961827
32061,5115277
32062,11571212
32063,5614358
32064,6048000
32065,5922857
32066,6971428
32067,4752359
32068,4444318
32069,4155000
32070,4091894
32071,10414285
32072,6931250
32073,10861610
32074,4095725
32075,4752359
32076,17250000
32077,4122834
32078,12675000
32079,3876357
32080,6399000
32081,4114259
32082,4706818
32083,13100000
32084,4771000
32085,4350000
32086,8296750
32087,6830769
32088,4906315
32089,4122834
32090,5896938
32091,4081520
32092,4959388
32093,10125000
32094,4750000
32095,6144444
32096,5937500
32097,5896938
32098,4754504
32099,4760000
32100,6489093
32101,4445714
32102,12692307
32103,5850000
32104,6180000
32105,4571893
32106,6586764
32107,6399000
32108,11000000
32109,8633333
32110,6435526
32111,5896938
32112,8296750
32113,5922857
32114,5614358
32115,5567037
32116,3340611
32117,4464000
32118,10861610
32119,6435869
32120,6242857
32121,11187500
32122,4505139
32123,7233452
32124,12261111
32125,6521875
32126,4571893
32127,4705468
32128,12261111
32129,4571893
32130,5614358
32131,4505139
32132,4081520
32133,4700000
32134,4266984
32135,27750000
32136,10341666
32137,6500000
32138,5986858
32139,3250000
32140,4959388
32141,6623000
32142,5294062
32143,8545462
32144,3985625
32145,4571893
32146,5750000
32147,6000000
32148,4771000
32149,4505139
32150,4860000
32151,7500000
32152,10861610
32153,4860000
32154,16231818
32155,48500000
32156,4754504
32157,18666666
32158,6399000
32159,6489093
32160,4752359
32161,4445714
32162,12692307
32163,9666666
32164,10000000
32165,4569330
32166,4505139
32167,5896938
32168,6961827
32169,4114259
32170,5274782
32171,13477272
32172,8950000
32173,4705468
32174,10400000
32175,10219047
32176,4571893
32177,4560000
32178,10000000
32179,4582585
32180,8918548
32181,5614358
32182,12881481
32183,12000000
32184,6961827
32185,12881481
32186,4959388
32187,6950000
32188,4387352
32189,5937500
32190,3034375
32191,5850000
32192,1975000
32193,6382857
32194,11407500
32195,12692307
32196,3873203
32197,10005238
32198,9250000
32199,4505139
32200,7486363
32201,5986858
32202,4778000
32203,24916666
32204,4266984
32205,4244444
32206,5115277
32207,4786891
32208,5986858
32209,6961827
32210,15350000
32211,3340611
32212,7486363
32213,4581730
32214,4266984
32215,8545462
32216,6586764
32217,4266984
32218,5986858
32219,6435869
32220,4525000
32221,10219047
32222,4091894
32223,4569330
32224,4500000
32225,3600000
32226,4571893
32227,6961827
32228,6415000
32229,11666666
32230,4328162
32231,7666666
32232,13675000
32233,4505139
32234,4959388
32235,11000000
32236,4173409
32237,24750000
32238,4778281
32239,5922857
32240,3951875
32241,5455390
32242,5208000
32243,10861610
32244,4091894
32245,18020833
32246,5479718
32247,4505139
32248,11000000
32249,5455390
32250,12692307
32251,30000000
32252,7295238
32253,6901203
32254,8200000
32255,12643260
32256,4480434
32257,10861610
32258,16500000
32259,8720000
32260,6830769
32261,4571893
32262,11407500
32263,5537500
32264,5479718
32265,6450000
32266,5580000
32267,4444318
32268,4505139
32269,11222222
32270,5784642
32271,2676000
32272,12692307
32273,6961827
32274,5100000
32275,3506000
32276,9208333
32277,3136666
32278,5896938
32279,7300000
32280,2676000
32281,5106818
32282,4582585
32283,7295238
32284,4761541
32285,100000500
32286,5317058
32287,6961827
32288,7500000
32289,3034375
32290,5376666
32291,7583333
32292,5294062
32293,12261111
32294,4505139
32295,4244444
32296,6901203
32297,8545462
32298,6901203
32299,7566666
32300,4959388
32301,6180000
32302,4362896
32303,5088235
32304,5896938
32305,4505139
32306,6950000
32307,5294062
32308,6435526
32309,10219047
32310,5896938
32311,11571212
32312,8545462
32313,24916666
32314,4672222
32315,6059500
32316,12661111
32317,4705468
32318,7750000
32319,5400000
32320,4091894
32321,7566666
32322,6830769
32323,7200000
32324,6450000
32325,15250000
32326,4860000
32327,7233452
32328,9600000
32329,8580000
32330,5345625
32331,4095725
32332,4091894
32333,6961827
32334,4571893
32335,6961827
32336,5194444
32337,8633333
32338,4091894
32339,4705468
32340,5567037
32341,4100000
32342,3340611
32343,10800000
32344,6300000
32345,4687500
32346,6037500
32347,5896938
32348,9871428
32349,4786891
32350,8918548
32351,4505139
32352,9000000
32353,4505139
32354,15472222
32355,4173409
32356,4362896
32357,6382857
32358,5040000
32359,24000000
32360,4705468
32361,3034375
32362,3876357
32363,4571893
32364,13000000
32365,5450000
32366,3136666
32367,4860000
32368,5608333
32369,6144444
32370,4959388
32371,4505139
32372,6964285
32373,4816666
32374,4442857
32375,4122834
32376,4505139
32377,18000000
32378,4387352
32379,5644000
32380,4778281
32381,6399000
32382,12045238
32383,10269291
32384,3966666
32385,6415000
32386,6175000
32387,13100000
32388,21500000
32389,3136666
32390,3136666
32391,24750000
32392,4786891
32393,4091894
32394,4757722
32395,12692307
32396,6450000
32397,4000000
32398,6382857
32399,30000000
32400,24750000
32401,8545462
32402,3876357
32403,9666666
32404,6144444
32405,5400000
32406,6489093
32407,5580357
32408,12800000
32409,8000000
32410,12675000
32411,5810000
32412,1200000
32413,5455390
32414,7566666
32415,4752359
32416,4569330
32417,4362896
32418,4092000
32419,6399000
32420,15000000
32421,4505139
32422,4761541
32423,6242857
32424,4081520
32425,11407500
32426,3985625
32427,2250000
32428,4754504
32429,5580357
32430,4959388
32431,6435869
32432,4173409
32433,10861610
32434,4091894
32435,4270416
32436,4778281
32437,5101250
32438,4569330
32439,6168000
32440,8545462
32441,6399000
32442,15133333
32443,4505139
32444,8000000
32445,6382857
32446,9871428
32447,6961827
32448,11562500
32449,8300000
32450,12643260
32451,12045238
32452,6500000
32453,5294062
32454,6437500
32455,5298270
32456,18000000
32457,16231818
32458,4362896
32459,4571893
32460,4750000
32461,4585197
32462,4959388
32463,4081520
32464,4088416
32465,5784642
32466,8545462
32467,12250000
32468,6144444
32469,3506000
32470,13466666
32471,5608333
32472,6961827
32473,10000000
32474,10400000
32475,5571010
32476,17250000
32477,5250000
32478,4671250
32479,6961827
32480,3943333
32481,5986858
32482,4173409
32483,5571010
32484,7200000
32485,6772360
32486,4095725
32487,4778281
32488,4505139
32489,5099411
32490,4042857
32491,18000000
32492,4266984
32493,5100000
32494,13675000
32495,3873203
32496,5986858
32497,6586764
32498,4959388
32499,4778281
32500,11571212
32501,15472222
32502,6400000
32503,6242857
32504,5644000
32505,11571212
32506,4571893
32507,4081520
32508,16231818
32509,2425000
32510,16231818
32511,4672222
32512,4500000
32513,4705468
32514,5644000
32515,3136666
32516,3933125
32517,6000000
32518,4505139
32519,5904904
32520,3785714
32521,5691923
32522,6489093
32523,4064718
32524,4095725
32525,4362896
32526,4754504
32527,7500000
32528,4571893
32529,10219047
32530,5986858
32531,8545462
32532,7033333
32533,6750000
32534,6521875
32535,4415000
32536,6623000
32537,5896938
32538,4244444
32539,4616666
32540,5376666
32541,3075000
32542,5691923
32543,10125000
32544,5056562
32545,5922857
32546,6600000
32547,4754504
32548,6901203
32549,3136666
32550,6000000
32551,5500000
32552,5571010
32553,4505139
32554,16231818
32555,4418917
32556,3951875
32557,4571893
32558,6168000
32559,4705468
32560,7295238
32561,6399000
32562,9625000
32563,3876357
32564,3136666
32565,4091894
32566,4343437
32567,4778281
32568,5400000
32569,5099411
32570,5274782
32571,8918548
32572,4091894
32573,5571010
32574,5571010
32575,15250000
32576,5614358
32577,4270416
32578,4752359
32579,8545462
32580,3914545
32581,4095725
32582,5691923
32583,5274782
32584,1262500
32585,5000000
32586,4505139
32587,5051668
32588,8545462
32589,4778281
32590,6581250
32591,4442857
32592,4571893
32593,4444318
32594,6625000
32595,8580000
32596,4091894
32597,13477272
32598,4581730
32599,4621428
32600,4418917
32601,4616666
32602,4959388
32603,5784642
32604,12675000
32605,5125000
32606,6625000
32607,4569330
32608,4266984
32609,4754504
32610,11250000
32611,4266984
32612,4266984
32613,11500000
32614,7000000
32615,2916666
32616,12261111
32617,3250000
32618,5614358
32619,3951875
32620,4122834
32621,7666666
32622,3000000
32623,4251000
32624,4705468
32625,4173409
32626,5567037
32627,4091894
32628,9000000
32629,4959388
32630,4778000
32631,4757722
32632,4516666
32633,4569330
32634,10275000
32635,12675000
32636,4461000
32637,4754504
32638,4778000
32639,13650000
32640,4778281
32641,6382857
32642,4362896
32643,15000000
32644,6500000
32645,8166666
32646,2916666
32647,7200000
32648,5700000
32649,6435869
32650,8200000
32651,4705468
32652,4505139
32653,4000000
32654,7233452
32655,5106818
32656,4754504
32657,5567037
32658,6382857
32659,29000000
32660,8875000
32661,6961827
32662,9666666
32663,4505139
32664,7187500
32665,5691923
32666,5608333
32667,6415000
32668,6050000
32669,12250000
32670,10005238
32671,8708333
32672,5056562
32673,5571010
32674,4505139
32675,4362896
32676,5345625
32677,4860000
32678,6980000
32679,4081520
32680,4387352
32681,6616000
32682,3136666
32683,4560000
32684,42000000
32685,16231818
32686,6961827
32687,6399000
32688,4095725
32689,12881481
32690,8500000
32691,8700000
32692,15410000
32693,8000000
32694,8750000
32695,4750000
32696,6500000
32697,10861610
32698,10340625
32699,4266984
32700,4706818
32701,8950000
32702,4516666
32703,12266666
32704,6399000
32705,9871428
32706,13625000
32707,6576388
32708,6382857
32709,4705468
32710,3340611
32711,22500000
32712,10269291
32713,17375000
32714,5567037
32715,4705468
32716,20000000
32717,6901203
32718,6382857
32719,11000000
32720,3506000
32721,12881481
32722,10219047
32723,5614358
32724,6757142
32725,6048000
32726,4173409
32727,12716666
32728,7233452
32729,12692307
32730,5800000
32731,5851590
32732,5078285
32733,6625000
32734,7292307
32735,3136666
32736,13675000
32737,26250000
32738,15755555
32739,4700000
32740,5425000
32741,15472222
32742,2425000
32743,7033333
32744,4442857
32745,3610000
32746,6037500
32747,100000500
32748,3876357
32749,8200000
32750,8000000
32751,9208333
32752,4088416
32753,4752359
32754,6048000
32755,3340611
32756,5691923
32757,12692307
32758,5850000
32759,6980000
32760,15000000
32761,13675000
32762,4582585
32763,4761541
32764,10341666
32765,11187500
32766,4480434
32767,6450000
32768,5571010
32769,3506000
32770,4081520
32771,5101250
32772,4442857
32773,12643260
32774,4582585
32775,6415000
32776,5294062
32777,10861610
32778,5250000
32779,8545462
32780,4095725
32781,5691923
32782,4778281
32783,7486363
32784,6901203
32785,16231818
32786,12661111
32787,6750000
32788,6435869
32789,4011111
32790,11000000
32791,6901203
32792,4800000
32793,6772360
32794,7233452
32795,11000000
32796,5896938
32797,4091894
32798,15250000
32799,15333333
32800,4505139
32801,13675000
32802,5644000
32803,7566666
32804,4415600
32805,7500000
32806,4706818
32807,11333333
32808,4425000
32809,5986858
32810,4778281
32811,3750000
32812,8875000
32813,4122834
32814,7233452
32815,5101250
32816,5250000
32817,5635000
32818,4091894
32819,6576388
32820,5937500
32821,12000000
32822,7033333
32823,6770000
32824,3876357
32825,12675000
32826,3568211
32827,10861610
32828,12675000
32829,4757722
32830,4906315
32831,4571893
32832,4122834
32833,48500000
32834,11407500
32835,4505139
32836,8296750
32837,4091894
32838,6980000
32839,4505139
32840,4081520
32841,4442857
32842,6406666
32843,3583333
32844,5100000
32845,13650000
32846,5345625
32847,3480000
32848,4244444
32849,4582585
32850,4244444
32851,4505139
32852,4362896
32853,6750000
32854,4571893
32855,4320000
32856,4081520
32857,6917932
32858,12261111
32859,4042857
32860,4959388
32861,9489150
32862,4418917
32863,9771111
32864,8545462
32865,6406666
32866,6521875
32867,5479718
32868,3876357
32869,4380000
32870,3933125
32871,4122834
32872,5644000
32873,5255769
32874,5857142
32875,5317058
32876,4011111
32877,5986858
32878,6770000
32879,7295238
32880,5575000
32881,4571893
32882,12261111
32883,6961827
32884,4571893
32885,6917932
32886,4505139
32887,11407500
32888,4362896
32889,6180000
32890,6415000
32891,4505139
32892,4266984
32893,4472142
32894,4505139
32895,5614358
32896,2922000
32897,7566666
32898,5691923
32899,4621428
32900,15818181
32901,7486363
32902,4042857
32903,3312500
32904,4505139
32905,4042857
32906,6435526
32907,4860000
32908,4569330
32909,4505139
32910,6180000
32911,13443333
32912,5986858
32913,7486363
32914,12266666
32915,8665000
32916,4571000
32917,5400000
32918,4571893
32919,3718250
32920,4959388
32921,8200000
32922,11866666
32923,10219047
32924,4800000
32925,3506000
32926,4122834
32927,4114259
32928,6382857
32929,8408333
32930,6000000
32931,10269291
32932,4505139
32933,6980000
32934,4778281
32935,4778281
32936,4778000
32937,6757142
32938,6500000
32939,6399000
32940,5608333
32941,4442857
32942,4122834
32943,12045238
32944,7875000
32945,4081520
32946,5345625
32947,8700000
32948,5274782
32949,4720000
32950,10861610
32951,6961827
32952,5800000
32953,4362896
32954,15566666
32955,6961827
32956,5567037
32957,4705468
32958,4816666
32959,6750000
32960,5056562
32961,8633333
32962,4525000
32963,12250000
32964,11187500
32965,4653300
32966,4571893
32967,10219047
32968,4091894
32969,6900000
32970,8545462
32971,10861610
32972,3136666
32973,7700000
32974,17500000
32975,4959388
32976,5986858
32977,13500000
32978,4705468
32979,3506000
32980,2500000
32981,4114259
32982,5088235
32983,4114259
32984,8633333
32985,7033554
32986,5614358
32987,4569330
32988,4959388
32989,6607142
32990,10500000
32991,6964285
32992,4505139
32993,6399000
32994,4266984
32995,4750000
32996,5850000
32997,8918548
32998,7666666
32999,4687500
33000,3506000
33001,6500000
33002,5207142
33003,4754504
33004,12881481
33005,4959388
33006,4091894
33007,8527777
33008,5255769
33009,7033554
33010,7025000
33011,5115277
33012,4754504
33013,6950000
33014,13466666
33015,5317058
33016,6375000
33017,4975000
33018,16231818
33019,3951875
33020,4671250
33021,12881481
33022,4571893
33023,5078285
33024,4906315
33025,4750000
33026,12643260
33027,6566666
33028,8250000
33029,4505139
33030,5400000
33031,4505139
33032,12643260
33033,6757142
33034,8296750
33035,6375000
33036,5691923
33037,4754504
33038,7233452
33039,5975000
33040,4114259
33041,4362896
33042,5317058
33043,4560000
33044,4778281
33045,9600000
33046,13675000
33047,8545462
33048,5100000
33049,4778281
33050,4362896
33051,4571893
33052,5100000
33053,5000220
33054,4778281
33055,6000000
33056,5644000
33057,4100000
33058,4757722
33059,6500000
33060,15250000
33061,4571893
33062,4095725
33063,5571010
33064,42000000
33065,4343437
33066,4754504
33067,3034375
33068,5750000
33069,3876357
33070,4616666
33071,13916666
33072,11866666
33073,5123855
33074,11000000
33075,7292307
33076,4450000
33077,11866666
33078,4122834
33079,6362500
33080,15000000
33081,3750000
33082,7492500
33083,8500000
33084,4786891
33085,4505139
33086,5000000
33087,4442857
33088,5455390
33089,12250000
33090,5051668
33091,10800000
33092,4362896
33093,4571893
33094,4587000
33095,6616000
33096,5644000
33097,3933962
33098,7500000
33099,4571893
33100,7500000
33101,5099411
33102,10400000
33103,4778281
33104,13675000
33105,6450000
33106,6961827
33107,4505139
33108,8545462
33109,3957041
33110,6000000
33111,4571893
33112,4091894
33113,14020000
33114,5567037
33115,5975000
33116,8527777
33117,8918548
33118,4800000
33119,9600000
33120,5225000
33121,4444318
33122,5345625
33123,6750000
33124,5850000
33125,4064718
33126,6144444
33127,4571893
33128,4444318
33129,18000000
33130,4343437
33131,4959388
33132,10500000
33133,4959388
33134,14916666
33135,8300000
33136,13466666
33137,10861610
33138,6750000
33139,4505139
33140,4505139
33141,6721428
33142,4266984
33143,5250000
33144,12692307
33145,4328162
33146,50000000
33147,3480000
33148,3985625
33149,5571010
33150,12881481
33151,3610000
33152,6971428
33153,4480434
33154,6382857
33155,2916666
33156,4959388
33157,12675000
33158,9771111
33159,5644000
33160,15250000
33161,4500000
33162,3926353
33163,5986858
33164,8633333
33165,6168000
33166,20000000
33167,6415000
33168,8545462
33169,4778281
33170,4088416
33171,5904904
33172,4959388
33173,6400000
33174,4752359
33175,4571893
33176,4266984
33177,4505139
33178,4621428
33179,5208000
33180,10861610
33181,10219047
33182,5571010
33183,4114259
33184,4415000
33185,4011111
33186,6961827
33187,2400000
33188,5691923
33189,6750000
33190,5571010
33191,15133333
33192,3933125
33193,11571212
33194,4266984
33195,8408333
33196,8200000
33197,4445714
33198,16231818
33199,4122834
33200,6616000
33201,5614358
33202,5345625
33203,5345625
33204,6000000
33205,5115277
33206,6021052
33207,5986858
33208,6750000
33209,3876357
33210,4778281
33211,5450000
33212,15292307
33213,5904904
33214,13625000
33215,4505139
33216,4081520
33217,4505139
33218,4959388
33219,6375000
33220,4472142
33221,5450000
33222,4114259
33223,4571893
33224,5176567
33225,6500000
33226,5810000
33227,4091894
33228,4571893
33229,2922000
33230,8633333
33231,10861610
33232,4800000
33233,4445714
33234,11571212
33235,4752359
33236,4122834
33237,6435869
33238,4975000
33239,8545462
33240,5000220
33241,4569330
33242,4270416
33243,4778281
33244,23290000
33245,4571893
33246,9600000
33247,6964285
33248,5100000
33249,4571893
33250,6415000
33251,3876357
33252,4706818
33253,4088416
33254,6586764
33255,14650000
33256,4761541
33257,4505139
33258,4813666
33259,6446944
33260,8408333
33261,4757722
33262,13650000
33263,6961827
33264,3340611
33265,4571893
33266,4000000
33267,8400000
33268,4754504
33269,3825000
33270,6721428
33271,5194444
33272,5450000
33273,5317058
33274,10414285
33275,6566666
33276,5099411
33277,9175000
33278,4860000
33279,10005238
33280,6961827
33281,4480434
33282,8545462
33283,4362896
33284,4096000
33285,5500000
33286,4581730
33287,4505139
33288,5896938
33289,4752359
33290,6961827
33291,6399000
33292,18000000
33293,4415000
33294,10219047
33295,6550000
33296,7233452
33297,6415000
33298,4096000
33299,3568211
33300,7033554
33301,4064718
33302,4500000
33303,4950000
33304,9400000
33305,4569330
33306,4088416
33307,6312500
33308,10219047
33309,11407500
33310,5100000
33311,5101250
33312,6304262
33313,6961827
33314,8545462
33315,7033554
33316,5567037
33317,6000000
33318,6901203
33319,10269291
33320,4505139
33321,4778281
33322,4585197
33323,5850000
33324,3966666
33325,4415600
33326,4415600
33327,10800000
33328,6375000
33329,3034375
33330,4450000
33331,5298270
33332,6242857
33333,4088416
33334,13675000
33335,12643260
33336,4095725
33337,3340611
33338,3811000
33339,6757142
33340,4754504
33341,7233452
33342,4442857
33343,4705468
33344,4362500
33345,4754504
33346,6450000
33347,6877777
33348,5455390
33349,5106818
33350,4786891
33351,4752359
33352,7233452
33353,4800000
33354,30000000
33355,4754504
33356,3000000
33357,8700000
33358,3610000
33359,5000000
33360,4266984
33361,5361111
33362,5922857
33363,3779687
33364,3914545
33365,11562500
33366,4705468
33367,10000000
33368,13650000
33369,6180000
33370,4122834
33371,4445714
33372,4505139
33373,3480000
33374,5986858
33375,11407500
33376,7033554
33377,6500000
33378,4754504
33379,5800000
33380,6435526
33381,5784642
33382,10269291
33383,5896938
33384,4833333
33385,5250000
33386,12643260
33387,5986858
33388,4706818
33389,5146666
33390,4500000
33391,7292307
33392,7292307
33393,3034375
33394,4362896
33395,4095725
33396,4778281
33397,8200000
33398,7033554
33399,7033554
33400,6048000
33401,5644000
33402,4500000
33403,6961827
33404,4505139
33405,6050000
33406,8720000
33407,4505139
33408,15755555
33409,11866666
33410,5644000
33411,4266984
33412,6750000
33413,10341666
33414,4173409
33415,3836022
33416,5784642
33417,3597500
33418,4571893
33419,2916666
33420,15333333
33421,6175000
33422,4418917
33423,8545462
33424,3506000
33425,8408333
33426,7000000
33427,8918548
33428,4173409
33429,6950000
33430,3914545
33431,5255769
33432,11571212
33433,6901203
33434,4251000
33435,5986858
33436,6586764
33437,7025000
33438,4425000
33439,4500000
33440,3876357
33441,4616666
33442,6623000
33443,8545462
33444,12000000
33445,7033554
33446,5298270
33447,10861610
33448,4571893
33449,15472222
33450,5567037
33451,6940000
33452,4505139
33453,5106818
33454,11571212
33455,3136666
33456,4266984
33457,4505139
33458,4786891
33459,3836022
33460,3811000
33461,6304262
33462,30000000
33463,5317058
33464,18000000
33465,6576388
33466,6961827
33467,4442857
33468,4616666
33469,4571893
33470,13477272
33471,4362896
33472,4173409
33473,8300000
33474,4621428
33475,4959388
33476,4505139
33477,18020833
33478,4505139
33479,4959388
33480,4571893
33481,11571212
33482,4091894
33483,6961827
33484,15755555
33485,12675000
33486,4505139
33487,4505139
33488,5400000
33489,6264100
33490,5479718
33491,5986858
33492,4425000
33493,3590000
33494,10861610
33495,10269291
33496,14000000
33497,7292307
33498,5644000
33499,12261111
33500,6961827
33501,13675000
33502,18020833
33503,36000000
33504,6180000
33505,4472142
33506,5571010
33507,6382857
33508,4906315
33509,9871428
33510,4571893
33511,6900000
33512,7250000
33513,4500000
33514,4860000
33515,6961827
33516,5255769
33517,4244444
33518,4569330
33519,4505139
33520,8296750
33521,4860000
33522,4560000
33523,4042857
33524,6437500
33525,15250000
33526,5644000
33527,13675000
33528,3568211
33529,6180000
33530,7500000
33531,13477272
33532,5078285
33533,4430000
33534,4011111
33535,4975000
33536,6961827
33537,4081520
33538,4571893
33539,12625000
33540,14650000
33541,1500000
33542,7292307
33543,10400000
33544,3825000
33545,8545462
33546,7000000
33547,16000000
33548,4505139
33549,7033554
33550,3873203
33551,4761541
33552,10800000
33553,5298270
33554,11500000
33555,4778281
33556,6607142
33557,16000000
33558,10219047
33559,3600000
33560,8527777
33561,4754504
33562,8750000
33563,5650000
33564,3985625
33565,4778281
33566,13675000
33567,6037500
33568,4505139
33569,3550000
33570,13675000
33571,3933125
33572,5430000
33573,6917932
33574,11000000
33575,5750000
33576,4300000
33577,4778281
33578,6901203
33579,5850000
33580,6399000
33581,4906315
33582,6750000
33583,29000000
33584,4571893
33585,5851590
33586,16231818
33587,4270416
33588,5255769
33589,5904904
33590,4705468
33591,11187500
33592,8918548
33593,5317058
33594,6180000
33595,6901203
33596,5455390
33597,6931250
33598,6399000
33599,4081520
33600,5571010
33601,12600000
33602,7125000
33603,13100000
33604,6180000
33605,4095725
33606,4571893
33607,4500000
33608,4906315
33609,12643260
33610,3340611
33611,5896938
33612,4266984
33613,4706818
33614,4505139
33615,7500000
33616,4091894
33617,4959388
33618,15755555
33619,6000000
33620,4754504
33621,8000000
33622,4754504
33623,5896938
33624,4778281
33625,4505139
33626,23290000
33627,16231818
33628,6435869
33629,6000000
33630,5644000
33631,5123855
33632,4343437
33633,9600000
33634,4754504
33635,7295238
33636,4581730
33637,7583333
33638,7033554
33639,14650000
33640,10005238
33641,4754504
33642,6950000
33643,15755555
33644,4362896
33645,4173409
33646,15500000
33647,5056562
33648,6035714
33649,22500000
33650,4415000
33651,12750000
33652,7033554
33653,7500000
33654,6000000
33655,4011111
33656,5571010
33657,5294062
33658,4400000
33659,6961827
33660,4445714
33661,3876357
33662,7233452
33663,13354545
33664,12643260
33665,4754504
33666,8545462
33667,4095725
33668,4173409
33669,3034375
33670,10
33671,7300000
33672,4571893
33673,4778281
33674,5614358
33675,8545462
33676,4959388
33677,3926353
33678,6144444
33679,24916666
33680,5567037
33681,7033554
33682,4516666
33683,5644000
33684,4445714
33685,4505139
33686,4011111
33687,6961827
33688,4415000
33689,3675000
33690,5784642
33691,5857142
33692,4091894
33693,4122834
33694,3600000
33695,4505139
33696,10861610
33697,5000220
33698,5294062
33699,4505139
33700,11666666
33701,7766666
33702,8545462
33703,4505139
33704,6000000
33705,3926353
33706,4581730
33707,6917932
33708,12045238
33709,4705468
33710,4706818
33711,5294062
33712,5986858
33713,13354545
33714,7725000
33715,3933125
33716,5100000
33717,10219047
33718,4571893
33719,6406666
33720,7233452
33721,15183333
33722,12643260
33723,10
33724,7486363
33725,6415000
33726,4122834
33727,4362500
33728,12000000
33729,5274782
33730,4671250
33731,8918548
33732,5614358
33733,7486363
33734,7033554
33735,18020833
33736,11783333
33737,5567037
33738,4081520
33739,6961827
33740,4362896
33741,9666666
33742,9600000
33743,5208000
33744,10269291
33745,4959388
33746,4582585
33747,15000000
33748,6050000
33749,5255769
33750,4362896
33751,6900000
33752,5583333
33753,3250000
33754,12800000
33755,23290000
33756,5691923
33757,5537500
33758,4786891
33759,5317058
33760,10180000
33761,2922000
33762,3876357
33763,5567037
33764,6035714
33765,4505139
33766,5414285
33767,11187500
33768,6721428
33769,4959388
33770,13000000
33771,4270416
33772,8527777
33773,9666666
33774,4752359
33775,16500000
33776,8665000
33777,6721428
33778,5896938
33779,4786891
33780,6450000
33781,5904904
33782,8918548
33783,7486363
33784,29000000
33785,10861610
33786,14916666
33787,4550000
33788,4088416
33789,4906315
33790,6500000
33791,7292307
33792,11000000
33793,10400000
33794,7492500
33795,6058333
33796,5274782
33797,5896938
33798,4505139
33799,4516666
33800,7233452
33801,5274782
33802,2250000
33803,4114259
33804,12045238
33805,4350000
33806,10350000
33807,5904904
33808,15750000
33809,4505139
33810,11407500
33811,5644000
33812,4505139
33813,6000000
33814,4610000
33815,6642857
33816,4778281
33817,8527777
33818,4757722
33819,4430000
33820,4505139
33821,5298270
33822,6750000
33823,15566666
33824,6180000
33825,12881481
33826,4266984
33827,6980000
33828,4244444
33829,17000000
33830,9750000
33831,6180000
33832,4081520
33833,4571893
33834,4122834
33835,6489093
33836,3779687
33837,19316666
33838,5784642
33839,12692307
33840,4081520
33841,4705468
33842,5274782
33843,9771111
33844,5000000
33845,3811000
33846,5614358
33847,5571010
33848,5571010
33849,3675000
33850,11571212
33851,3933962
33852,4705468
33853,4081520
33854,3785714
33855,8918548
33856,29000000
33857,5580357
33858,12045238
33859,4653300
33860,3200000
33861,4081520
33862,8166666
33863,8545462
33864,11407500
33865,7486363
33866,11866666
33867,4757722
33868,5250000
33869,4266984
33870,17000000
33871,6415000
33872,4091894
33873,3136666
33874,7033554
33875,12000000
33876,3750000
33877,4095725
33878,6242857
33879,13675000
33880,4442857
33881,12661111
33882,4761541
33883,5784642
33884,4505139
33885,6642857
33886,8296750
33887,4362896
33888,6144444
33889,11407500
33890,12000000
33891,4250000
33892,3933125
33893,10500000
33894,4505139
33895,14000000
33896,7566666
33897,4091894
33898,4000000
33899,4778000
33900,7486363
33901,16231818
33902,7300000
33903,7700000
33904,5350000
33905,5571010
33906,5644000
33907,4571893
33908,4761541
33909,4088416
33910,29000000
33911,5986858
33912,4505139
33913,4757722
33914,6250000
33915,6035714
33916,4328162
33917,6382857
33918,4100000
33919,4560000
33920,4244444
33921,3034375
33922,4095725
33923,6250000
33924,6059500
33925,9625000
33926,7025000
33927,4860000
33928,3873203
33929,5691923
33930,48500000
33931,4350000
33932,4761541
33933,7300000
33934,5986858
33935,4362896
33936,3300000
33937,9750000
33938,3943333
33939,18000000
33940,12881481
33941,7033554
33942,4362500
33943,4571893
33944,4091894
33945,5750000
33946,6917932
33947,9600000
33948,8545462
33949,4959388
33950,5644000
33951,4251000
33952,5468750
33953,3506000
33954,3963953
33955,5750000
33956,5784642
33957,22045454
33958,3750000
33959,6000000
33960,6180000
33961,12800000
33962,4813666
33963,6600000
33964,6400000
33965,15472222
33966,5896938
33967,4754504
33968,4505139
33969,23290000
33970,8545462
33971,5571010
33972,4671250
33973,5056562
33974,6623000
33975,4114259
33976,5400000
33977,4042857
33978,6690000
33979,4705468
33980,6500000
33981,4754504
33982,4430000
33983,5051668
33984,12643260
33985,6180000
33986,8527777
33987,8545462
33988,11250000
33989,10500000
33990,3914545
33991,4754504
33992,20000000
33993,4571893
33994,6961827
33995,12000000
33996,13466666
33997,5644000
33998,6037500
33999,4505139
34000,3963953
34001,6382857
34002,10000000
34003,6416666
34004,3506000
34005,4505139
34006,5100000
34007,4493333
34008,4505139
34009,5614358
34010,5567037
34011,6037500
34012,5099411
34013,8545462
34014,5294062
34015,4705468
34016,4270416
34017,5294062
34018,3650000
34019,30000000
34020,4582585
34021,5567037
34022,4569330
34023,4096000
34024,4081520
34025,4095725
34026,4091894
34027,8918548
34028,5255769
34029,8545462
34030,8633333
34031,4778281
34032,36000000
34033,5904904
34034,3836022
34035,4786891
34036,5614358
34037,5896938
34038,9175000
34039,4505139
34040,4064718
34041,8545462
34042,12692307
34043,4959388
34044,6304262
34045,24000000
34046,3550000
34047,7500000
34048,7033554
34049,6362500
34050,4081520
34051,11407500
34052,4569330
34053,5986858
34054,6180000
34055,4505139
34056,5571010
34057,5146666
34058,4786891
34059,4752359
34060,15000000
34061,4582585
34062,3873203
34063,4582585
34064,9600000
34065,6446944
34066,3340611
34067,5226666
34068,18000000
34069,6521875
34070,12266666
34071,4343437
34072,4320930
34073,6037500
34074,10341666
34075,15755555
34076,4505139
34077,8633333
34078,4445714
34079,5051668
34080,14650000
34081,4705468
34082,6642857
34083,18020833
34084,10861610
34085,12266666
34086,4200000
34087,3650000
34088,12643260
34089,5851590
34090,8408333
34091,7500000
34092,12675000
34093,4525000
34094,15755555
34095,4362896
34096,4571893
34097,4700000
34098,5100000
34099,5691923
34100,2916666
34101,5099411
34102,4480434
34103,5194444
34104,6144444
34105,12692307
34106,4091894
34107,4754504
34108,6757142
34109,6382857
34110,11783333
34111,4266984
34112,4122834
34113,12692307
34114,4959388
34115,5479718
34116,4959388
34117,9270000
34118,4778281
34119,4505139
34120,1500000
34121,5571010
34122,4173409
34123,6489093
34124,4505139
34125,12000000
34126,5125000
34127,4671250
34128,5125000
34129,6961827
34130,18020833
34131,7162500
34132,8545462
34133,12643260
34134,4705468
34135,7233452
34136,4092000
34137,6500000
34138,6961827
34139,12000000
34140,3506000
34141,5922857
34142,4705468
34143,5567037
34144,4122834
34145,10
34146,14916666
34147,5475000
34148,4091894
34149,15755555
34150,4752359
34151,5990000
34152,8500000
34153,5250000
34154,4500000
34155,6382857
34156,4095725
34157,4091894
34158,8000000
34159,4816666
34160,8545462
34161,12881481
34162,4705468
34163,6399000
34164,12000000
34165,4505139
34166,8500000
34167,8296750
34168,22045454
34169,4582585
34170,7295238
34171,4754504
34172,8545462
34173,4122834
34174,12643260
34175,4705468
34176,4736000
34177,4064718
34178,4250000
34179,12000000
34180,9175000
34181,16231818
34182,6446944
34183,5644000
34184,4505139
34185,6961827
34186,4505139
34187,4959388
34188,4088416
34189,11571212
34190,4266984
34191,4500000
34192,5922857
34193,4705468
34194,6961827
34195,10800000
34196,8545462
34197,7033554
34198,17250000
34199,6399000
34200,4091894
34201,12000000
34202,4122834
34203,5986858
34204,4754504
34205,4480434
34206,5298270
34207,4786891
34208,4425000
34209,7233452
34210,4250000
34211,5990000
34212,4571893
34213,4505139
34214,10180000
34215,15000000
34216,5986858
34217,5100000
34218,5691923
34219,4571893
34220,3933125
34221,4505139
34222,4064718
34223,7300000
34224,4362896
34225,4525000
34226,5345625
34227,4081520
34228,4505139
34229,4754504
34230,5567037
34231,4757722
34232,7492500
34233,8545462
34234,4560000
34235,3873203
34236,3568211
34237,7233452
34238,13800000
34239,5050000
34240,5106818
34241,8700000
34242,4505139
34243,5571010
34244,4362896
34245,4571893
34246,4959388
34247,5274782
34248,12800000
34249,10341666
34250,4091894
34251,11187500
34252,5750000
34253,4122834
34254,6961827
34255,27750000
34256,4155000
34257,3400000
34258,6435526
34259,3933125
34260,4114259
34261,4621428
34262,4621428
34263,15472222
34264,6180000
34265,5904904
34266,8408333
34267,6437500
34268,6607142
34269,5479718
34270,7116666
34271,4860000
34272,24750000
34273,6000000
34274,10861610
34275,4362896
34276,3136666
34277,4200000
34278,6980000
34279,6375000
34280,4761541
34281,10083333
34282,4081520
34283,6500000
34284,4705468
34285,13675000
34286,4569330
34287,4959388
34288,18000000
34289,4088416
34290,6264100
34291,6021052
34292,4505139
34293,13354545
34294,3000000
34295,8527777
34296,4752359
34297,4244444
34298,6000000
34299,14916666
34300,18000000
34301,6180000
34302,12881481
34303,5099411
34304,4091894
34305,4706818
34306,3340611
34307,7295238
34308,5218750
34309,4687500
34310,7000000
34311,6901203
34312,9600000
34313,4445714
34314,6180000
34315,3966666
34316,5376666
34317,4778281
34318,27750000
34319,4173409
34320,5990000
34321,5614358
34322,6435869
34323,2587500
34324,5345625
34325,5376666
34326,5101250
34327,5430000
34328,6980000
34329,5106818
34330,7295238
34331,10861610
34332,2500000
34333,8545462
34334,3568211
34335,16231818
34336,12643260
34337,4600000
34338,4266984
34339,4173409
34340,5784642
34341,12881481
34342,4081520
34343,4042857
34344,6375000
34345,8633333
34346,6180000
34347,6406666
34348,4505139
34349,4786891
34350,5479718
34351,6576388
34352,5691923
34353,14500000
34354,7033554
34355,5571010
34356,5218750
34357,4621428
34358,15755555
34359,4430000
34360,5298270
34361,6642857
34362,4362896
34363,5414285
34364,4906315
34365,5750000
34366,8545462
34367,6000000
34368,5025000
34369,16231818
34370,4362896
34371,4362896
34372,4778281
34373,3750000
34374,6446944
34375,4081520
34376,4505139
34377,8545462
34378,10341666
34379,3836022
34380,4906315
34381,8527777
34382,4571893
34383,8000000
34384,3133333
34385,8527777
34386,16231818
34387,8545462
34388,17450000
34389,5100000
34390,4505139
34391,5990000
34392,11407500
34393,10269291
34394,6059500
34395,6576388
34396,4091894
34397,6961827
34398,4778281
34399,7250000
34400,6175000
34401,4091894
34402,6250000
34403,12643260
34404,4362896
34405,3200000
34406,4505139
34407,4251000
34408,4800000
34409,4672222
34410,3876357
34411,4362896
34412,6250000
34413,5255769
34414,9666666
34415,12643260
34416,4445714
34417,4011111
34418,6437500
34419,7500000
34420,4244444
34421,7295238
34422,6901203
34423,4442857
34424,4757722
34425,3914545
34426,4975000
34427,7000000
34428,5376666
34429,6415000
34430,9666666
34431,5000000
34432,10005238
34433,5099411
34434,3876357
34435,4442857
34436,7250000
34437,4088416
34438,9871428
34439,5608333
34440,3136666
34441,24916666
34442,5345625
34443,3914545
34444,22045454
34445,4270416
34446,5100000
34447,5850000
34448,4250000
34449,15566666
34450,12692307
34451,11571212
34452,4771000
34453,6399000
34454,4415000
34455,4064718
34456,50000000
34457,3400000
34458,12643260
34459,6772360
34460,4362896
34461,3136666
34462,13650000
34463,6415000
34464,4761541
34465,5600000
34466,4442857
34467,7162500
34468,4442857
34469,4571893
34470,4754504
34471,1500000
34472,16231818
34473,6586764
34474,7486363
34475,6382857
34476,4757722
34477,5986858
34478,3340611
34479,5123855
34480,4906315
34481,6642857
34482,8545462
34483,7486363
34484,4671250
34485,4959388
34486,4959388
34487,6581250
34488,3700000
34489,13000000
34490,6000000
34491,4500000
34492,5125000
34493,3836022
34494,3568211
34495,3876357
34496,6961827
34497,4959388
34498,4430000
34499,3785714
34500,7700000
34501,26250000
34502,4505139
34503,10861610
34504,5614358
34505,5088235
34506,7295238
34507,6399000
34508,4444318
34509,5040000
34510,4705468
34511,6144444
34512,4122834
34513,6961827
34514,8296750
34515,7500000
34516,23290000
34517,6860000
34518,4571893
34519,4505139
34520,18000000
34521,16663636
34522,4569330
34523,7233452
34524,4266984
34525,4444318
34526,10861610
34527,11000000
34528,5218750
34529,3034375
34530,4754504
34531,4525000
34532,3836022
34533,4011111
34534,6021052
34535,8321428
34536,4122834
34537,5298270
34538,3597500
34539,10340625
34540,8527777
34541,6961827
34542,8545462
34543,10341666
34544,6000000
34545,4705468
34546,4095725
34547,8875000
34548,8545462
34549,6312500
34550,4266984
34551,6180000
34552,4266984
34553,14020000
34554,15755555
34555,4671250
34556,6586764
34557,4270416
34558,4266984
34559,5345625
34560,3340611
34561,8000000
34562,6382857
34563,5784642
34564,5146666
34565,6961827
34566,13477272
34567,14916666
34568,4362896
34569,11407500
34570,5298270
34571,5937500
34572,12881481
34573,9075000
34574,12625000
34575,70000000
34576,11407500
34577,4095725
34578,4778281
34579,8408333
34580,5414285
34581,9141666
34582,8545462
34583,5580357
34584,4571893
34585,12266666
34586,4786891
34587,3136666
34588,3500000
34589,5850000
34590,6961827
34591,11407500
34592,7292307
34593,6901203
34594,7000000
34595,11571212
34596,24750000
34597,5750000
34598,5056562
34599,4200000
34600,2950000
34601,4757722
34602,5571010
34603,22045454
34604,5099411
34605,14500000
34606,3985625
34607,5430000
34608,4754504
34609,10400000
34610,3250000
34611,18020833
34612,6180000
34613,15755555
34614,6940000
34615,6980000
34616,6623000
34617,8250000
34618,5896938
34619,15250000
34620,4505139
34621,5608333
34622,4754504
34623,12000000
34624,4480434
34625,5274782
34626,6586764
34627,6642857
34628,4064718
34629,5922857
34630,12643260
34631,18000000
34632,21600000
34633,8545462
34634,4778281
34635,6770000
34636,5000000
34637,6180000
34638,6721428
34639,19000000
34640,9175000
34641,15000000
34642,7492500
34643,5614358
34644,12692307
34645,15755555
34646,7850000
34647,5078285
34648,6382857
34649,4122834
34650,5100000
34651,6250000
34652,7233452
34653,4906315
34654,8918548
34655,36000000
34656,12716666
34657,4936666
34658,4571893
34659,6600000
34660,6144444
34661,4582585
34662,6050000
34663,3933125
34664,5850000
34665,12261111
34666,14700000
34667,4362896
34668,7500000
34669,3600000
34670,8408333
34671,4705468
34672,4850000
34673,4095725
34674,5400000
34675,6961827
34676,9600000
34677,5088235
34678,3650000
34679,8708333
34680,5146666
34681,3966666
34682,6180000
34683,5810000
34684,4343437
34685,4173409
34686,4505139
34687,4778281
34688,8545462
34689,8545462
34690,16231818
34691,3200000
34692,3340611
34693,9489150
34694,8545462
34695,6489093
34696,7500000
34697,8000000
34698,2676000
34699,6961827
34700,4362896
34701,15250000
34702,5146666
34703,1275000
34704,4505139
34705,10005238
34706,8408333
34707,4582585
34708,4122834
34709,6830769
34710,11500000
34711,3926353
34712,3966666
34713,4571893
34714,13354545
34715,5571010
34716,4505139
34717,4343437
34718,5644000
34719,3034375
34720,6901203
34721,4778281
34722,4480434
34723,4705468
34724,2425000
34725,6446944
34726,6382857
34727,5644000
34728,5099411
34729,7033554
34730,6382857
34731,4500000
34732,4705468
34733,16231818
34734,6980000
34735,5088235
34736,9400000
34737,5056562
34738,6021052
34739,4959388
34740,4505139
34741,6616000
34742,4752359
34743,8545462
34744,7033554
34745,3876357
34746,5146666
